id	kaynak_id	bolum	bulundu	metin_sha256	metin_sha256_manifest_ile_ayni
A2-1	kim2026_x509_hybrid	§VI-A	bosluk	6e18986548e072450992eea679824a667b0b8294652760101c2b5ccca6dbd706	EVET
A2-2	kim2026_x509_hybrid	§VIII-A	bosluk	6e18986548e072450992eea679824a667b0b8294652760101c2b5ccca6dbd706	EVET
A2-3	kim2026_x509_hybrid	Tablo VI (P3)	bosluk	6e18986548e072450992eea679824a667b0b8294652760101c2b5ccca6dbd706	EVET
A2-4	kim2026_x509_hybrid	Tablo VI notu	bosluk	6e18986548e072450992eea679824a667b0b8294652760101c2b5ccca6dbd706	EVET
A2-5	lee2026_eprint1416	§4.3	bosluk	8f92359f443a33148cdb5b48bcf4dd477747946b0696625089ac5fcd13002f9d	EVET
A2-6	lee2026_eprint1416	§4.4	bosluk	8f92359f443a33148cdb5b48bcf4dd477747946b0696625089ac5fcd13002f9d	EVET
A2-7	lee2026_eprint1416	§4.4	tire_sil	8f92359f443a33148cdb5b48bcf4dd477747946b0696625089ac5fcd13002f9d	EVET
A2-8	lee2026_eprint1416	§6	bosluk	8f92359f443a33148cdb5b48bcf4dd477747946b0696625089ac5fcd13002f9d	EVET
A2-9	lee2026_eprint1416	Özet (ÖK §4.19 alıntısı)	bosluk	8f92359f443a33148cdb5b48bcf4dd477747946b0696625089ac5fcd13002f9d	EVET
