kosu,hucre,sutun,beklenen,gozlenen,uyum,cekirdek_dayanagi,sure_s,tanik
K2a-01.asp,K2a-01,decision(pqev=valid),accept_classical,accept_classical,EVET,G5,0.0033,"ihlal(bos,g5) klasik_alt(ee) pq(ee)"
K2a-02.asp,K2a-02,decision(pqev=invalid),accept_classical,accept_classical,EVET,G5,0.0019,"ihlal(bos,g5) klasik_alt(ee) pq(ee)"
K2a-03.asp,K2a-03,decision(pqev=valid),accept_classical,accept_classical,EVET,G5,0.002,"ihlal(bos,g5) klasik_alt(ee) pq(ee)"
K2a-04.asp,K2a-04,decision(pqev=invalid),accept_classical,accept_classical,EVET,G5,0.002,"ihlal(bos,g5) klasik_alt(ee) pq(ee)"
K2a-05.asp,K2a-05,decision(pqev=valid),accept_classical,accept_classical,EVET,G5,0.002,"ihlal(bos,g5) klasik_alt(ee) pq(ee)"
K2a-06.asp,K2a-06,decision(pqev=invalid),accept_classical,accept_classical,EVET,G5,0.002,"ihlal(bos,g5) klasik_alt(ee) pq(ee)"
K2a-07.asp,K2a-07,decision(leafb=valid),accept_classical,accept_classical,EVET,G5,0.002,"ihlal(bos,g5) klasik_alt(ee) pq(ee)"
K2a-08.asp,K2a-08,decision(leafb=revoked),accept_classical,accept_classical,EVET,G5,0.0022,"ihlal(bos,g5) klasik_alt(ee) pq(ee)"
K2a-09.asp,K2a-09,decision(pqev=valid),accept_hybrid,accept_hybrid,EVET,G5 yok,0.0024,"beklenir(bos,ee) klasik_alt(ee) pq(ee) tasi(pq_kanit_varligi,ee)"
K2a-10.asp,K2a-10,decision(pqev=invalid),reject,reject,EVET,G5 yok,0.0022,"beklenir(bos,ee) klasik_alt(ee) pq(ee) tasi(pq_kanit_varligi,ee)"
K2a-11.asp,K2a-11,decision(pqev=absent),accept_classical,accept_classical,EVET,G5,0.002,"ihlal(bos,g5) klasik_alt(ee) pq(ee)"
K2a-12.asp,K2a-12,decision(pqev=valid),accept_hybrid,accept_hybrid,EVET,G5 yok,0.0023,"beklenir(bos,ee) klasik_alt(ee) pq(ee) tasi(yerel_politika,ee)"
K2a-13.asp,K2a-13,decision(pqev=invalid),reject,reject,EVET,G5 yok,0.002,"beklenir(bos,ee) klasik_alt(ee) pq(ee) tasi(yerel_politika,ee)"
K2a-14.asp,K2a-14,decision(pqev=absent),reject,reject,EVET,G5 yok,0.002,"beklenir(bos,ee) klasik_alt(ee) pq(ee) tasi(yerel_politika,ee)"
K2a-15.asp,K2a-15,decision(pqev=valid),accept_hybrid,accept_hybrid,EVET,G5 yok,0.0026,"beklenir(bos,ee) pq(ee) tasi(yerel_politika,ee)"
K2a-16.asp,K2a-16,decision(pqev=invalid),reject,reject,EVET,G5 yok,0.002,"beklenir(bos,ee) pq(ee) tasi(yerel_politika,ee)"
K2a-17.asp,K2a-17,decision(pqev=valid),reject,reject,EVET,G5 yok,0.0021,pq(ee)
K2b-01.asp,K2b-01,ASP,SALDIRI,SALDIRI,EVET,g1,0.0019,"ihlal(tum,g1) ihlal(tum,g5) ihlal(tum,tum) sahte(tum,ee) kirilir_alt(tum,ee) klasik_alt(ee) pq(ee)"
K2b-02.asp,K2b-02,ASP,SALDIRI,SALDIRI,EVET,g1,0.0022,"ihlal(tum,g1) ihlal(tum,g5) ihlal(tum,tum) sahte(tum,ee) sahte(tum,pq_kanit_varligi) kirilir(tum,pq_kanit_varligi) kirilir_alt(tum,ee) klasik_alt(ee) pq(ee) tasi(pq_kanit_varligi,ee)"
K2b-03.asp,K2b-03,ASP,YOK,YOK,EVET,g1,0.002,"kirilir_alt(tum,ee) beklenir(tum,ee) klasik_alt(ee) pq(ee) tasi(yerel_politika,ee)"
K2b-04.asp,K2b-04,ASP,SALDIRI,SALDIRI,EVET,g1,0.0021,"ihlal(tum,g1) ihlal(tum,g5) ihlal(tum,tum) sahte(tum,ee) sahte(tum,tl) kirilir(tum,tl) kirilir_alt(tum,ee) klasik_alt(ee) pq(ee) tasi(tl,ee)"
K2b-05.asp,K2b-05,ASP,YOK,YOK,EVET,g1,0.0019,"kirilir_alt(tum,ee) beklenir(tum,ee) klasik_alt(ee) pq(ee) pq(tl) tasi(tl,ee)"
K2b-06.asp,K2b-06,ASP,YOK,YOK,EVET,g1,0.002,pq(ee)
K2b-07.asp,K2b-07,ASP,SALDIRI,SALDIRI,EVET,g1,0.002,"ihlal(tum,g1) ihlal(tum,g5) ihlal(tum,tum) sahte(tum,ee) kirilir_alt(tum,ee) klasik_alt(ee) pq(ee)"
K2b-08.asp,K2b-08,ASP,YOK,YOK,EVET,g1,0.0021,"kirilir_alt(tum,ee) beklenir(tum,ee) klasik_alt(ee) pq(ee) tasi(yerel_politika,ee)"
K2c-revoked.ign.asp,K2c-revoked,karar(vb=ignore),accept_classical,accept_classical,EVET,G5,0.0019,"ihlal(bos,g5) klasik_alt(ee) pq(ee)"
K2c-revoked.req.asp,K2c-revoked,karar(vb=require),reject,reject,EVET,G5 yok,0.0023,"beklenir(bos,ee) klasik_alt(ee) pq(ee) tasi(yerel_politika,ee)"
K2c-expired.ign.asp,K2c-expired,karar(vb=ignore),accept_classical,accept_classical,EVET,G5,0.0019,"ihlal(bos,g5) klasik_alt(ee) pq(ee)"
K2c-expired.req.asp,K2c-expired,karar(vb=require),reject,reject,EVET,G5 yok,0.0019,"beklenir(bos,ee) klasik_alt(ee) pq(ee) tasi(yerel_politika,ee)"
K2c-unknown.ign.asp,K2c-unknown,karar(vb=ignore),accept_classical,accept_classical,EVET,G5,0.0021,"ihlal(bos,g5) klasik_alt(ee) pq(ee)"
K2c-unknown.req.asp,K2c-unknown,karar(vb=require),indeterminate,indeterminate,EVET,G5 yok,0.0024,"beklenir(bos,ee) klasik_alt(ee) pq(ee) tasi(yerel_politika,ee)"
K2c-absent.ign.asp,K2c-absent,karar(vb=ignore),accept_classical,accept_classical,EVET,G5,0.002,"ihlal(bos,g5) klasik_alt(ee) pq(ee)"
K2c-absent.req.asp,K2c-absent,karar(vb=require),reject,reject,EVET,G5 yok,0.0024,"beklenir(bos,ee) klasik_alt(ee) pq(ee) tasi(yerel_politika,ee)"
K2c-valid.ign.asp,K2c-valid,karar(vb=ignore),accept_classical,accept_classical,EVET,G5,0.0023,"ihlal(bos,g5) klasik_alt(ee) pq(ee)"
K2c-valid.req.asp,K2c-valid,karar(vb=require),accept_hybrid,accept_hybrid,EVET,G5 yok,0.0024,"beklenir(bos,ee) klasik_alt(ee) pq(ee) tasi(yerel_politika,ee)"
K2d-01.asp,K2d-01,ASP:karar,accept_classical,accept_classical,EVET,G5,0.0024,"ihlal(bos,g5) klasik_alt(ee) pq(ee)"
K2d-02.asp,K2d-02,ASP:karar,accept_classical,accept_classical,EVET,G5,0.0022,"ihlal(bos,g5) klasik_alt(ee) pq(ee)"
K2d-03.asp,K2d-03,ASP:karar,reject,reject,EVET,G5 yok,0.0024,"beklenir(bos,ee) klasik_alt(ee) pq(ee) tasi(yerel_politika,ee)"
K2d-04.asp,K2d-04,ASP:karar,reject,reject,EVET,G5 yok,0.0021,"beklenir(bos,ee) klasik_alt(ee) pq(ee) tasi(sureklilik_durumu,ee)"
K2d-05.asp,K2d-05,ASP:karar,accept_classical,accept_classical,EVET,G5,0.0022,"ihlal(bos,g5) klasik_alt(ee) pq(ee)"
