id,not
REF-011,"kurulum ağacı: @sd-jwt/core 0.21.0 + @sd-jwt/sd-jwt-vc 0.21.0 (SDJWT-015 ile aynı sürüm; D-E7 devri kurulumda görülüyor); @openid4vc/* 0.5.6; ayrıca @animo-id/pex→@sd-jwt/decode 0.7.2 ve @sphereon/ssi-types→@sd-jwt/decode 0.9.2 (npm 'deprecated' uyarısı; biri GHSA-f9j6-8p6x-r9j6 atfı)"
REF-011,"npm install --ignore-scripts ile kuruldu; askar yerel modülü ağaçta yok"
JOSE-009,"ortam: Node 24.21.0 WebCrypto ML-DSA-44/65/87'yi tanıyor (SubtleCrypto.supports; ExperimentalWarning) — imza doğrulanmadı"
SDJWT-018,"sd-jwt 0.10.4 jwcrypto'yu sabitlemiyor; bu kurulumda jwcrypto 1.6.1 çözüldü (requirements.lock). Ortam: cryptography 50.0.1, gömülü OpenSSL 4.0.2, mldsa modülü var"
REF-010,"poetry.lock cryptography 43.0.3'ü sabitliyor (gömülü OpenSSL 3.3.2; mldsa modülü yok); acapy-agent 1.7.0, aries-askar 0.5.0; extras aca-py+sd_jwt_vc, dev/integration hariç; poetry check --lock yalnız biçim uyarısı"
JOSE-084,"python-jose [cryptography] ekstrasıyla kuruldu; arka uç cryptography_backend"
SDJWT-004,"POM: nimbus-jose-jwt yalnız test kapsamında; çalışma zamanı bağımlılığı yalnız gson 2.10.1 → kütüphane JWS imza doğrulamasını içermiyor (çağırana bırakıyor; kurulum/POM olgusu)"
COSE-001,"KMP: Maven için -jvm yapıtı; birincil kayıt Gradle modül meta verisiyle (kanonik koordinat; cikti/). Maven sonucu cikti-maven/ ve loglar/COSE-001-maven.log (o da başarılı). Maven↔Gradle fark: annotations 13.0↔23.0.0, kotlin-stdlib-common"
SDJWT-001,"KMP: birincil kayıt Gradle modül meta verisiyle (cikti/); Maven sonucu cikti-maven/ (başarılı) ama Maven 'en yakın kazanır' kuralı kotlinx-serialization-json 1.8.0 seçti (Gradle 1.11.0) → adaptörde Gradle çözümlemesi önerilir. vck 7.0.1 Signum 3.24.0'ı (indispensable-josef/cosef, supreme 0.15.0) çekiyor: n içi devir adayı vck→Signum (COSE-001 3.26.0)"
REF-003,"deneme 1-2 başarısızlığı ortam çalışmasının betik hatası (MANIFEST 72 bayt satır katlaması → Start-Class kesik okundu); derleme her üç denemede BUILD SUCCESSFUL, verification-metadata sha256 üçünde de aynı. Deneme 3 başarılı"
REF-003,"çalışma zamanı: eudi-lib-jvm-sdjwt-kt 0.20.1 (SDJWT-006, yedek) + nimbus-jose-jwt 10.9 (JOSE-054 yedeği 10.10) + oauth2-oidc-sdk 11.37.2 + bcprov 1.84 + tink 1.22.0 + cose-java 1.1.0; JDK 25 araç zinciri; Kotlin 2.4.0; Spring Boot 4.1.0"
REF-003,"varsayılan liste dışı kaynaklar: Gradle Plugin Portal (spotless, kover, dependencycheck, foojay eklentileri) ve maven.waltid.dev (waltid-mdoc-credentials-jvm 0.11.0; Maven Central'da yok) — anonim, kimliksiz"
COSE-035,"ortam düzeltmesi: cose-lib'in suggest ettiği spomky-labs/cbor-php (^3.4 → 3.4.2) birlikte kuruldu; olmadan 6 COSE mesaj Tag sınıfı (CoseSign1Tag, CoseSignTag…) CBOR\Tag bulunamadığı için yüklenemedi (deneme 3). Kütüphane kodu değişmedi"
COSE-035,"SÜRÜM ETKİSİ: 4.8.2 sürümünde (8849e8bf043a) ML-DSA kaynağı YOK (src/Algorithm/Signature/MLDSA yok; README'de RFC 9964 yok). Envanterin 'ML-DSA evet' dayanağı çerçeve HEAD 1c854bf63c5c'ye ait. HEAD de kuruluyor (bilgi koşusu _bilgi-COSE-035-HEAD: 159 sınıf, MLDSA65 yüklendi). HEAD'in ML-DSA kapısı: PHP>=8.4 + çalışma zamanı OpenSSL 3.5 (bu imajda 8.4.26 + 3.5.8; isSupported() çağrılmadı)"
COSE-035,"deneme 1 (sh yok, çıkış 127) ve deneme 2 (kontrol.php sözdizimi) ortam çalışmasının betik hataları"
JOSE-070,"deneme 1-2 ortam çalışmasının betik hataları (Alpine'de bash yok; PHP kontrol betiğinde ters eğik çizgi)"
JOSE-071,"deneme 1-2 ortam çalışmasının betik hataları (Alpine'de bash yok; PHP kontrol betiğinde ters eğik çizgi)"
COSE-034,"SÜRÜM ETKİSİ: v1.3.0 (2024-07-19) README'sinde envanterin 'ML-DSA kısmi' dayanağı yok (HEAD dea543bf9b89'da var). HEAD de derleniyor (bilgi koşusu _bilgi-COSE-034-HEAD: v1.3.1-0.20260826103205-dea543bf9b89). Ortam: Go 1.27.1 stdlib crypto/mldsa var"
JOSE-092,"jsonwebtoken 11: kripto arka ucu özelliği zorunlu seçim (README: aws_lc_rs | rust_crypto, 'at most one'; hiçbiri seçilmezse kendi CryptoProvider'ınızı sağlayın — TK2 açısından API olgusu). Birincil kayıt aws_lc_rs (README örneği; cmake gerekmeden derlendi); rust_crypto da derleniyor (bilgi koşusu _bilgi-JOSE-092-rust_crypto). Seçim adaptör/ön kayıt kararı"
JOSE-091,"frank_jwt openssl crate'i üzerinden sistem OpenSSL 3.5.7'ye (libssl-dev, pkg-config) bağlanıyor"
SDJWT-010,"sürüm etiketi yok (git etiketleri v0.4.0'da kalmış); commit crate içindeki .cargo_vcs_info.json'dan = çerçeve HEAD c47e52c31545. Kilitte imza kriptosu crate'i yok (yalnız serde_json, sha2): JWS imzalama/doğrulama çağırana bırakılmış (JwsSigner trait)"
SDJWT-025,"ssi-sd-jwt 0.6.0 ssi-jwk/ssi-jws/ssi-jwt'ye default-features=false ile bağlı → varsayılan kurulumda imza algoritması crate'i YOK (p256/ed25519-dalek/rsa kilitte 0). Adaptör ssi-jws/ssi-jwk özelliklerini (ör. secp256r1, ed25519) doğrudan bağımlılıkla açmalı; bu yapılandırma derleniyor (bilgi koşusu _bilgi-SDJWT-025-ozellik). Özellik kümesi ön kayda yazılmalı"
JOSE-001,"ortam: .NET 10.0.12 + Ubuntu 26.04 OpenSSL 3.5.5 → System.Security.Cryptography.MLDsa/CompositeMLDsa/SlhDsa IsSupported=True (yetenek bayrağı; imza doğrulanmadı). Deneme 1 typeof çapasıyla (başarılı); yöntem birliği için Assembly.Load ile yeniden koşuldu"
JOSE-002,"sürüm etiketleri tarih biçiminde (ör. 20260706.1); commit nuspec'ten 5a4a865eaad9. Derleme sürümü 11.0.0.0 (paket 11.1.0). Deneme 1 typeof çapasıyla (başarılı); yöntem birliği için yeniden koşuldu"
SDJWT-021,"iki çelişen git etiketi (3.1.0→2ed7a64b9c44, v3.1.0→461166c2e20b); nuspec commit 2ed7a64b9c44 ile çözüldü. Deneme 1 başarısızlığı ortam çalışmasının hatası (çapa olarak ad alanı verildi)"
SDJWT-021,"ölçülen paketin genel türleri cüzdan/holder odaklı (SdJwtVcHolderService, ISdJwtSigner, SdJwtCredentialStore); doğrulayıcı geçişli WalletFramework.SdJwtLib 3.1.0'da (Roles.Implementation.Verifier; bilgi koşusu _bilgi-SDJWT-021-SdJwtLib). Geçişli: System.IdentityModel.Tokens.Jwt 7.5.2, Microsoft.IdentityModel.Tokens 8.0.1, jose-jwt 5.0.0 (JOSE-003 yedeğinin eski sürümü), Portable.BouncyCastle 1.9.0, EF Core+SQLite → D-E7 devri JOSE-001 (8.23.0) ile AYNI sürüm değil"
JOSE-104,"BAŞARISIZ (K6 nihai, Linux derlemesi): bağımlılık BlueRSA 1.0.203 (Kitura/OpenSSL 2.3.1 ile; ikisi de çözülebilen en son sürüm) OpenSSL 3.x başlıklarıyla derlenmiyor: 'cannot find EVP_PKEY_size / EVP_CIPHER_iv_length in scope' (OpenSSL 3'te makro takma ad; Swift içe aktaramaz). Makul düzeltme yok: resmî Swift Linux imajlarında apt'siz OpenSSL 1.1 geliştirme dosyası yok; kütüphane kodu değiştirilemez. Harcanan ≈10 dk"
JOSE-102,"ML-DSA: jwt-kit 5.3.0'ın MLDSA kaynakları Linux'ta derleniyor (CryptoExtras / swift-crypto 4.5.2); türler @_spi(PostQuantum) arkasında; @available(iOS/macOS 26) Linux'u kısıtlamıyor. Bilgi koşusu _bilgi-JOSE-102-mldsa-spi: 'MLDSA' türü bağlandı (anahtar/imza yok). Envanterdeki 'macOS 26+' notu Linux için yeniden değerlendirilmeli"
COSE-036,"wolfSSL v5.9.2-stable (ac01707f552c; README: wc_MlDsaKey API için v5.9.1-stable'dan yeni gerekir) README 'Full Build' bayraklarıyla; options.h: WOLFSSL_HAVE_MLDSA, HAVE_ED25519, HAVE_ECC tanımlı → ML-DSA DERLEME BAYRAĞINA (--enable-mldsa) bağlı. libwolfcose.a iki denemede aynı sha256. Deneme 1 başarısızlığı çalışmanın bağlama programı hatası (koşullu EAT/MAC adları seçildi). GPL-3.0: yalnız ölçülür, dağıtılmaz"
SDJWT-002,"pub.dev (varsayılan liste dışı; Dart'ın resmî kaydı), Dart analitiği kapalı. Dışa aktarılan doğrulayıcı türü SDKeyVerifier bağlandı; KbVerifyAction ve SdJwtVerifierInput ana kitaplıktan dışa aktarılmıyor (deneme 1: yalnız içe aktarma; çalışma hatası düzeltildi)"
JOSE-017,"YEDEK ADAYI (JOSE-104 yerine; genel yedek 5.3-4-ii, sıra 2/2). Seçim yürütücüde. Başlık-yalnız; sistem OpenSSL 3.5.7'ye bağlandı; sürüm yok → CERCEVE son_commit_sha"
JOSE-031,"YEDEK ADAYI (JOSE-104 yerine; genel yedek 5.3-4-ii, sıra 1/2, pop 0.899). Seçim yürütücüde. Hex (varsayılan liste dışı; Elixir'in resmî kaydı). Doğrulamayı erlang-jose 1.11.12'ye devrediyor (JOSE.JWS); Erlang crypto → OpenSSL 3.5.7. Plug isteğe bağlı (kurulmadı; derleme uyarısı)"
COSE-001,"COSE NOTU (yürütücü): Oracle A, C3 bataryasında (v1.2) COSE vektörü olmadığını buldu; ölçüm kapsamı ayrıca karara bağlanacak. Kurulum yapıldı, ek ortam uğraşı yapılmadı"
COSE-014,"COSE NOTU (yürütücü): C3 bataryası v1.2'de COSE vektörü yok (Oracle A); ölçüm kapsamı ayrıca karara bağlanacak"
COSE-034,"COSE NOTU (yürütücü): C3 bataryası v1.2'de COSE vektörü yok (Oracle A); ölçüm kapsamı ayrıca karara bağlanacak"
COSE-035,"COSE NOTU (yürütücü): C3 bataryası v1.2'de COSE vektörü yok (Oracle A); ölçüm kapsamı ayrıca karara bağlanacak. cbor-php düzeltmesi ve HEAD bilgi koşusu bu talimattan önce yapılmıştı"
COSE-036,"COSE NOTU (yürütücü): C3 bataryası v1.2'de COSE vektörü yok (Oracle A); ölçüm kapsamı ayrıca karara bağlanacak. Derleme README'deki standart yolla ilk seferde oldu; ek ortam uğraşı yok"
JOSE-104,"deneme 2 yalnız kayıt düzeltmesi için (çalışmanın Package.resolved ayrıştırma hatası sürümü yanlış okumuştu); sonuç aynı"
