id,aile,dosya,sha256,bayt,artefakt,serilestirme,kol,senaryo,sdjwtvc_surum,basamak,plan_bayraklari,ek_etiketler,dayanak,b_pilot_esi,dcapi_protokol,algler,aciklama
T1K_both_valid,T,T/T1K_both_valid.json,2696369574921b60a2996dd3ebce3517f81a9c2a32d59621176c76cf74818f25,449,jws-cekirdek,general,kontrol-EdDSA,d (JWS duzeyi),,L1;L2,,coklu-imza;saglik-kontrolu(H0),RFC7515 §7.2.1;RFC7515 §7.2;RFC7515 §5.2;JWTBCP §3.1;RFC9864 §2.2,T1_both_valid,,ES256;EdDSA,"General JSON JWS; ES256 + EdDSA, iki imza da gecerli uretildi (B T1)."
T2K_second_tampered,T,T/T2K_second_tampered.json,2b680a786661afab1cea245216a9ae3af2c8b0e18c072a2bfdd2610374f52667,449,jws-cekirdek,general,kontrol-EdDSA,d (JWS duzeyi),,L4,,coklu-imza-semantigi(any/all);bozuk-imza,"RFC7515 §7.2.1;RFC7515 §7.2;RFC7515 §5.2;JWTBCP §3.1;ACM2 (ECCG ACM v2, hibrit AND)",T2_eddsa_tampered,,ES256;EdDSA,T1K ile ayni; ikinci (EdDSA) imzanin 5. baytinin 0. biti cevrildi (B T2: s[5]^=1).
T3_stripped_to_ES256,T,T/T3_stripped_to_ES256.json,cf8da1086e85f019b624dd584b368eb22216235265009e864c0a3aac5f017bc0,295,jws-cekirdek,general,ortak,d (JWS duzeyi),,L4,,soyma,"RFC7515 §7.2.1;RFC7515 §7.2;RFC7515 §5.2;JWTBCP §3.1;ACM2 (ECCG ACM v2, hibrit AND)",T3_stripped_to_ES256,,ES256,"T1x'ten ikinci imza soyuldu; yalniz ES256 kaldi. ES256 imzasi uc kolda da AYNI (ayni yuk, anahtar, baslik; belirlenimci) -> tek dosya, tum kollar icin ortak (B T3)."
T1P_both_valid,T,T/T1P_both_valid.json,43a7a987f8ba9d3f54fe76fe4492ae9ecdbdad07d80dbaf4d7467f8138fc938e,4781,jws-cekirdek,general,tedavi-ML-DSA-65,d (JWS duzeyi),,L1;L2,,coklu-imza;saglik-kontrolu(H0),RFC7515 §7.2.1;RFC7515 §7.2;RFC7515 §5.2;JWTBCP §3.1;RFC9964 §5,T1_both_valid,,ES256;ML-DSA-65,"General JSON JWS; ES256 + ML-DSA-65, iki imza da gecerli uretildi (B T1)."
T2P_second_tampered,T,T/T2P_second_tampered.json,3426c9ab7e4788740243874175a09ac71c6a03f85804003ac49a8cb00c2b72b1,4781,jws-cekirdek,general,tedavi-ML-DSA-65,d (JWS duzeyi),,L4,,coklu-imza-semantigi(any/all);bozuk-imza,"RFC7515 §7.2.1;RFC7515 §7.2;RFC7515 §5.2;JWTBCP §3.1;ACM2 (ECCG ACM v2, hibrit AND)",T2_eddsa_tampered,,ES256;ML-DSA-65,T1P ile ayni; ikinci (ML-DSA-65) imzanin 5. baytinin 0. biti cevrildi (B T2: s[5]^=1).
T1C_both_valid,T,T/T1C_both_valid.json,477ed801cc2b2defadaf6ea7c38cd8d9b0596d944b2333baea86fb0b0157f1f7,4884,jws-cekirdek,general,tedavi-composite,d (JWS duzeyi),,L1;L2,,coklu-imza;saglik-kontrolu(H0),RFC7515 §7.2.1;RFC7515 §7.2;RFC7515 §5.2;JWTBCP §3.1;JOSECOMP §5.1 (Tablo 5),T1_both_valid,,ES256;ML-DSA-65-ES256,"General JSON JWS; ES256 + ML-DSA-65-ES256, iki imza da gecerli uretildi (B T1)."
T2C_second_tampered,T,T/T2C_second_tampered.json,170a281e5fa826d5aeab009f867e36462e31e91b7143b7114aabe8d65e135dce,4884,jws-cekirdek,general,tedavi-composite,d (JWS duzeyi),,L4,,coklu-imza-semantigi(any/all);bozuk-imza,"RFC7515 §7.2.1;RFC7515 §7.2;RFC7515 §5.2;JWTBCP §3.1;ACM2 (ECCG ACM v2, hibrit AND)",T2_eddsa_tampered,,ES256;ML-DSA-65-ES256,T1C ile ayni; ikinci (ML-DSA-65-ES256) imzanin 5. baytinin 0. biti cevrildi (ML-DSA bileseni icinde) (B T2: s[5]^=1).
T4K_plus_ML-DSA-65,T,T/T4K_plus_ML-DSA-65.json,5ad9a7a447996735d22674334a0c9ea8b56511a93f9832e3ddaf84a27b232a33,4935,jws-cekirdek,general,kontrol-EdDSA,d (JWS duzeyi),,L1;L4,,bilinmeyen-alg;ek-imza,RFC7515 §7.2.1;RFC7515 §7.2;RFC7515 §5.2;JWTBCP §3.1;RFC9964 §5;JOSECOMP §5.1 (Tablo 5),T4_plus_unknown_MLDSA65,,ES256;EdDSA;ML-DSA-65,"ES256 + EdDSA + GECERLI ML-DSA-65 imzasi (B T4 ""plus_unknown_MLDSA65"" rastgele bayt idi; burada gercek). Ek imzanin alg'i hedef kutuphane icin bilinmiyor olabilir."
T4P_plus_ML-DSA-65-ES256,T,T/T4P_plus_ML-DSA-65-ES256.json,74edcad4a37eb88bf5c7d3749db4c69fa8235b4d0fd6604458eb866fdeca8755,9370,jws-cekirdek,general,tedavi-ML-DSA-65,d (JWS duzeyi),,L1;L4,bilinmeyen-composite-alg,bilinmeyen-alg;ek-imza,RFC7515 §7.2.1;RFC7515 §7.2;RFC7515 §5.2;JWTBCP §3.1;RFC9964 §5;JOSECOMP §5.1 (Tablo 5),T4_plus_unknown_MLDSA65,,ES256;ML-DSA-65;ML-DSA-65-ES256,"ES256 + ML-DSA-65 + GECERLI ML-DSA-65-ES256 imzasi (B T4 ""plus_unknown_MLDSA65"" rastgele bayt idi; burada gercek). Ek imzanin alg'i hedef kutuphane icin bilinmiyor olabilir."
T4C_plus_ML-DSA-65,T,T/T4C_plus_ML-DSA-65.json,b6fc7fb4fcadce5831da7a0e370226dfcc76d5a0fb15edb2cb42700d647912bf,9370,jws-cekirdek,general,tedavi-composite,d (JWS duzeyi),,L1;L4,,bilinmeyen-alg;ek-imza,RFC7515 §7.2.1;RFC7515 §7.2;RFC7515 §5.2;JWTBCP §3.1;RFC9964 §5;JOSECOMP §5.1 (Tablo 5),T4_plus_unknown_MLDSA65,,ES256;ML-DSA-65-ES256;ML-DSA-65,"ES256 + ML-DSA-65-ES256 + GECERLI ML-DSA-65 imzasi (B T4 ""plus_unknown_MLDSA65"" rastgele bayt idi; burada gercek). Ek imzanin alg'i hedef kutuphane icin bilinmiyor olabilir."
T5P_only_ML-DSA-65,T,T/T5P_only_ML-DSA-65.json,b6e1199088d2961c03dadabcdae744e17222bf605cfe2cca6eac9a1f30fb68cd,4627,jws-cekirdek,general,tedavi-ML-DSA-65,d (JWS duzeyi),,L1;L2;L3,,yalniz-tek-alg,RFC7515 §7.2.1;RFC7515 §7.2;RFC7515 §5.2;JWTBCP §3.1;RFC9964 §5,T5_only_MLDSA65,,ML-DSA-65,General JSON; YALNIZ ML-DSA-65 imzasi (gecerli). B T5 (only_MLDSA65) rastgele bayt idi.
T5C_only_ML-DSA-65-ES256,T,T/T5C_only_ML-DSA-65-ES256.json,5a5936d293f63aa512368e42bb75ad2c5650225e8512dc12b165b9683550a8b1,4730,jws-cekirdek,general,tedavi-composite,d (JWS duzeyi),,L1;L2;L3,,yalniz-tek-alg,RFC7515 §7.2.1;RFC7515 §7.2;RFC7515 §5.2;JWTBCP §3.1;JOSECOMP §5.1 (Tablo 5),T5_only_MLDSA65,,ML-DSA-65-ES256,General JSON; YALNIZ ML-DSA-65-ES256 imzasi (gecerli). B T5 (only_MLDSA65) rastgele bayt idi.
T5K_only_EdDSA,T,T/T5K_only_EdDSA.json,946707abe695642afdd8022c92d11ee36c0087f0175dc3ff8fe6b8fd37f3f391,295,jws-cekirdek,general,kontrol-EdDSA,d (JWS duzeyi),,L1;L2;L3,,yalniz-tek-alg,RFC7515 §7.2.1;RFC7515 §7.2;RFC7515 §5.2;JWTBCP §3.1;RFC9864 §2.2,T5_only_MLDSA65,,EdDSA,General JSON; YALNIZ EdDSA imzasi (gecerli). B T5 (only_MLDSA65) rastgele bayt idi.
T6_plus_composite,T,T/T6_plus_composite.json,80d82263d46d122279a327a504bf6c0cbd2c35906a87407acf19196dc8f58343,5038,jws-cekirdek,general,kontrol-EdDSA,d (JWS duzeyi),,L1;L4,bilinmeyen-composite-alg,ek-imza,RFC7515 §7.2.1;RFC7515 §7.2;RFC7515 §5.2;JWTBCP §3.1;JOSECOMP §5.1 (Tablo 5);JOSECOMP §4.2,T6_plus_composite_label,,ES256;EdDSA;ML-DSA-65-ES256,"ES256 + EdDSA + GECERLI composite ML-DSA-65-ES256 imzasi (B T6 ""plus_composite_label"" rastgele bayt idi)."
UNK01_alg_ML-DSA-66,UNK,UNK/UNK01_alg_ML-DSA-66.jws,cdbaf4085524f22743142d03690e23c8842f71914babafe8071bcc0f9cd908b5,4672,jws-cekirdek,compact,tedavi-ML-DSA-65,,,L1,,bilinmeyen-alg,RFC7515 §4.1.1;JWTBCP §3.1;RFC7515 §10.7;RFC9964 §5,,,ML-DSA-66,"Compact JWS; alg=""ML-DSA-66"" (kayitsiz). Imza baytlari issuer/ML-DSA-65 anahtariyla bu imzalama girdisi uzerinde uretilmis gecerli bir ML-DSA-65 imzasi; kid ML-DSA-65 anahtarini gosteriyor."
UNK02_alg_ML-DSA-65-P256,UNK,UNK/UNK02_alg_ML-DSA-65-P256.jws,5596683e423d683ad2ffc07d37e982777fae2b1c75b449dac4d4cc8c1fa3e157,4774,jws-cekirdek,compact,tedavi-composite,,,L1,bilinmeyen-composite-alg,,RFC7515 §4.1.1;JWTBCP §3.1;RFC7515 §10.7;JOSECOMP §5.1 (Tablo 5),,,ML-DSA-65-P256,"Compact JWS; alg=""ML-DSA-65-P256"" (akla yakin ama KAYITSIZ composite adi; -04 adi ML-DSA-65-ES256). Imza, bu girdi uzerinde gecerli bir ML-DSA-65-ES256 composite imzasi."
UNK03_alg_kucuk_harf,UNK,UNK/UNK03_alg_kucuk_harf.jws,ad54a38cd5e05bb1f943ea8f92d9b7c2836d35e010681aecbcdb2d78a1f88648,4672,jws-cekirdek,compact,tedavi-ML-DSA-65,,,L1,,alg-buyuk-kucuk-harf,RFC7515 §4.1.1;JWTBCP §3.1;RFC7515 §10.7;RFC9964 §5,,,ml-dsa-65,"Compact JWS; alg=""ml-dsa-65"" (kucuk harf). RFC 7515 4.1.1: alg degeri buyuk/kucuk harfe duyarli. Imza ML-DSA-65 ile gecerli."
UNK04_general_arti_kayitsiz_composite,UNK,UNK/UNK04_general_arti_kayitsiz_composite.json,0fde0106b358b8c104f2f430bf4d638e78e0457dd579c68594f5ca0a18a18899,9622,jws-cekirdek,general,tedavi-ML-DSA-65,d (JWS duzeyi),,L1;L4,bilinmeyen-composite-alg,ek-imza,RFC7515 §4.1.1;JWTBCP §3.1;RFC7515 §10.7;RFC7515 §7.2.1;RFC7515 §7.2,,,ES256;ML-DSA-65;ML-DSA-65-P256,"General JSON; ES256 + ML-DSA-65 (gecerli) + alg=""ML-DSA-65-P256"" (kayitsiz etiket, gecerli composite bayt)."
UNK05_general_arti_alg_none,UNK,UNK/UNK05_general_arti_alg_none.json,38131bb9c2db32852a7cf1c35e6ac867eab9c5df8ba6974b335180025f6ac0d3,5032,jws-cekirdek,general,tedavi-ML-DSA-65,d (JWS duzeyi),,L1;L4,,alg-none;ek-imza,RFC7515 §4.1.1;JWTBCP §3.1;RFC7515 §10.7;RFC7515 §7.2.1,,,ES256;ML-DSA-65;none,"General JSON; ES256 + ML-DSA-65 (gecerli) + {""alg"":""none""} bos imza."
CMP00_gecerli_referans,CMP,CMP/CMP00_gecerli_referans.jws,75e2594a50113e181ffec37af32d841173844c000018f11da84f72f299b78c3d,4775,jws-cekirdek,compact,tedavi-composite,a,,L1,,composite-bilesen-dogrulugu,JOSECOMP §4.2;JOSECOMP §4.3;JOSECOMP §4.4;JOSECOMP §5.3 (Tablo 7),,,ML-DSA-65-ES256,Referans: gecerli ML-DSA-65-ES256 compact JWS (bozulmalarin tabani).
CMP01_ml_bileseni_bozuk,CMP,CMP/CMP01_ml_bileseni_bozuk.jws,504cae7abeb3d37fc76b5f6cd0eb6f285b1b3c709433ed32f0c51b6f1f6cd161,4775,jws-cekirdek,compact,tedavi-composite,a,,L4,,composite-bilesen-dogrulugu;bilesen-bozulmasi,JOSECOMP §4.2;JOSECOMP §4.3;JOSECOMP §4.4;JOSECOMP §5.3 (Tablo 7),,,ML-DSA-65-ES256,ML-DSA bileseninin orta baytinda bit cevrildi; ECDSA bileseni gecerli.
CMP02_ecdsa_bileseni_bozuk,CMP,CMP/CMP02_ecdsa_bileseni_bozuk.jws,ba0e21008b6636dd2d1f4ee652f11ac18c08064385e637cfc7c24322df3cdf35,4775,jws-cekirdek,compact,tedavi-composite,a,,L4,,composite-bilesen-dogrulugu;bilesen-bozulmasi,JOSECOMP §4.2;JOSECOMP §4.3;JOSECOMP §4.4;JOSECOMP §5.3 (Tablo 7);JOSECOMP §4.5.1,,,ML-DSA-65-ES256,ECDSA bileseninde r degerinin son baytinda bit cevrildi (DER yapisi gecerli); ML-DSA bileseni gecerli.
CMP03_ecdsa_der_uzunluk_bozuk,CMP,CMP/CMP03_ecdsa_der_uzunluk_bozuk.jws,71239a933a71b15ccec4cfde3767ef4414ffb95f6fcb59b5849df203890adb18,4775,jws-cekirdek,compact,tedavi-composite,a,,L4,,composite-bilesen-dogrulugu;serilestirme,JOSECOMP §4.2;JOSECOMP §4.3;JOSECOMP §4.4;JOSECOMP §5.3 (Tablo 7);JOSECOMP §4.5.1,,,ML-DSA-65-ES256,ECDSA bileseninin DER SEQUENCE uzunluk bayti +1 (yapisal bozulma).
CMP04_ecdsa_ham_rs,CMP,CMP/CMP04_ecdsa_ham_rs.jws,684ae73df202801f5ab435e93141e97fb68fb24ae5cee6f2512c9967dd82094c,4766,jws-cekirdek,compact,tedavi-composite,a,,L4,,composite-bilesen-dogrulugu;serilestirme;uygulayici-hatasi-taklidi,JOSECOMP §4.2;JOSECOMP §4.3;JOSECOMP §4.4;JOSECOMP §5.3 (Tablo 7);JOSECOMP §4.5.1;RFC7518 §3.4,,,ML-DSA-65-ES256,"ECDSA bileseni DER yerine JOSE ES256 tarzi HAM r||s (64 B) kodlandi (olasi uygulayici hatasi; -04 4.5.1 DER ister). r,s degerleri gecerli bir imzaya ait."
CMP05_ecdsa_asgari_olmayan_der,CMP,CMP/CMP05_ecdsa_asgari_olmayan_der.jws,3087f2beacb49014b08e2d1fd62e28ee6baff40fac3f4f1450fb7f6f3be87399,4776,jws-cekirdek,compact,tedavi-composite,a,,L4,,composite-bilesen-dogrulugu;serilestirme;der-kanoniklik,JOSECOMP §4.2;JOSECOMP §4.3;JOSECOMP §4.4;JOSECOMP §5.3 (Tablo 7);JOSECOMP §4.5.1,,,ML-DSA-65-ES256,ECDSA bileseni asgari olmayan DER (r onunde fazladan 0x00); sayisal degerler gecerli imzaya ait.
CMP06_sonda_artik_bayt,CMP,CMP/CMP06_sonda_artik_bayt.jws,662b1890602efb7d1d6d5cd1af3eeb6e416cb591051aa7ece1474baf4857a59a,4776,jws-cekirdek,compact,tedavi-composite,a,,L4,,composite-bilesen-dogrulugu;serilestirme,JOSECOMP §4.2;JOSECOMP §4.3;JOSECOMP §4.4;JOSECOMP §5.3 (Tablo 7),,,ML-DSA-65-ES256,Gecerli composite imzanin sonuna 0x00 eklendi.
CMP07_yalniz_ml_bileseni,CMP,CMP/CMP07_yalniz_ml_bileseni.jws,3882e451a6cef944346285a2a344547615820f89b7354989b89cb2e04642591f,4680,jws-cekirdek,compact,tedavi-composite,a,,L4,,composite-bilesen-dogrulugu;serilestirme;bilesen-soyma,JOSECOMP §4.2;JOSECOMP §4.3;JOSECOMP §4.4;JOSECOMP §5.3 (Tablo 7),,,ML-DSA-65-ES256,ECDSA bileseni kesildi; yalniz ML-DSA bileseni (3309 B) kaldi.
CMP08_bilesenler_farkli_iletilerden,CMP,CMP/CMP08_bilesenler_farkli_iletilerden.jws,1c074a96b680ea976507a73f336c5b93c8c10dab1cc0dd5216cff02b7cfdd9af,4775,jws-cekirdek,compact,tedavi-composite,a,,L4,,composite-bilesen-dogrulugu;bilesen-karistirma,JOSECOMP §4.2;JOSECOMP §4.3;JOSECOMP §4.4;JOSECOMP §5.3 (Tablo 7),,,ML-DSA-65-ES256,"ML-DSA bileseni baska bir yukun imzasindan, ECDSA bileseni bu yukun imzasindan (ayni anahtar)."
CMP09_ml_bileseni_ctx_bos,CMP,CMP/CMP09_ml_bileseni_ctx_bos.jws,53668f6bd0f9b15cd9633d70c6361e24d59edd2e43216e8df25a0ac2426d5f95,4775,jws-cekirdek,compact,tedavi-composite,a,,L4,,composite-bilesen-dogrulugu;uygulayici-hatasi-taklidi,JOSECOMP §4.2;JOSECOMP §4.3;JOSECOMP §4.4;JOSECOMP §5.3 (Tablo 7),,,ML-DSA-65-ES256,ML-DSA bileseni ctx=Label yerine BOS ctx ile imzalandi (olasi uygulayici hatasi; -04 4.2 ctx=Label ister); M' dogru; ECDSA bileseni gecerli.
CMP10_onozet_sha256,CMP,CMP/CMP10_onozet_sha256.jws,c25cc019f712334b5b8afe6727265e4fd05fd2c678d00c634ad1341060db5f04,4775,jws-cekirdek,compact,tedavi-composite,a,,L4,,composite-bilesen-dogrulugu;uygulayici-hatasi-taklidi;spesifikasyon-belirsizligi,JOSECOMP §4.2;JOSECOMP §4.3;JOSECOMP §4.4;JOSECOMP §5.3 (Tablo 7);JOSECOMP §5.1 (Tablo 5);JOSECOMP §7.1,,,ML-DSA-65-ES256,Her iki bilesen de SHA-256 on-ozetli M' uzerinde tutarli imzalandi (dogrusu SHA-512; -04 Tablo 5). Uygulayici hatasi taklidi: -04 7.1.2 IANA aciklamasi 'P-256 curve and SHA-256' der.
CMP11_bos_ctx_uzunlugu_yok,CMP,CMP/CMP11_bos_ctx_uzunlugu_yok.jws,32f4417944295321de6d0ae5c00c8a2fb1414d0afe963a949d4da20903198781,4776,jws-cekirdek,compact,tedavi-composite,a,,L4,,composite-bilesen-dogrulugu;uygulayici-hatasi-taklidi,JOSECOMP §4.2;JOSECOMP §4.3;JOSECOMP §4.4;JOSECOMP §5.3 (Tablo 7),,,ML-DSA-65-ES256,M' icinde Label'dan sonraki 0x00 (bos baglam uzunlugu) atlandi; iki bilesen bu M' uzerinde tutarli.
CMP12_ayrilabilirlik_ecdsa_ES256,CMP,CMP/CMP12_ayrilabilirlik_ecdsa_ES256.jws,62dff9a529f67ee866a1d3a26e84327ee4d0fa72ce785d854152aab58298275d,341,jws-cekirdek,compact,tedavi-composite,a,,L3,,ayrilabilirlik;anahtar-yeniden-kullanimi,JOSECOMP §6.3;JOSECOMP §6.2;JWTBCP §3.1;RFC7518 §3.4,,,ES256,Composite imzanin ECDSA bileseni (M' uzerinde) ham r||s'ye cevrilip ES256 JWS imzasi olarak sunuldu. Dogrulama anahtari: composite'in EC bileseni BAGIMSIZ ES256 anahtari olarak (anahtar yeniden kullanimi senaryosu; -04 6.2 bunu yasaklar).
CMP13_ayrilabilirlik_ml_MLDSA65,CMP,CMP/CMP13_ayrilabilirlik_ml_MLDSA65.jws,4fee2ec3cd965b31d6b933c74803ae6beec59f9d9a6a536ebb4e80ec31907fa4,4672,jws-cekirdek,compact,tedavi-composite,a,,L3,,ayrilabilirlik;anahtar-yeniden-kullanimi,JOSECOMP §6.3;JOSECOMP §6.2;JWTBCP §3.1;RFC9964 §5,,,ML-DSA-65,Composite imzanin ML-DSA bileseni (M' ve ctx=Label uzerinde) ML-DSA-65 JWS imzasi olarak sunuldu. Dogrulama anahtari: composite'in ML-DSA bileseni bagimsiz AKP anahtari olarak.
CMP14_ed25519_ml_bileseni_bozuk,CMP,CMP/CMP14_ed25519_ml_bileseni_bozuk.jws,7ac369deb3028704f7a2041dff4f61d91f0d2fd6b13a8daed712adad8f7c04cf,4769,jws-cekirdek,compact,kapsam-hibrit,a,,L4,,composite-bilesen-dogrulugu;bilesen-bozulmasi,JOSECOMP §4.2;JOSECOMP §4.3;JOSECOMP §4.4;JOSECOMP §5.3 (Tablo 7),,,ML-DSA-65-Ed25519,ML-DSA-65-Ed25519: ML-DSA bileseni bozuk (bayt 100).
CMP15_ed25519_eddsa_bileseni_bozuk,CMP,CMP/CMP15_ed25519_eddsa_bileseni_bozuk.jws,4b551cc31d0e32db7e02518c1836b51ba2eb9e943c75484ccf932da42cac2fa3,4769,jws-cekirdek,compact,kapsam-hibrit,a,,L4,,composite-bilesen-dogrulugu;bilesen-bozulmasi,JOSECOMP §4.2;JOSECOMP §4.3;JOSECOMP §4.4;JOSECOMP §5.3 (Tablo 7),,,ML-DSA-65-Ed25519,ML-DSA-65-Ed25519: Ed25519 bileseni bozuk (bayt 10).
CMP16_bilesen_sirasi_ters,CMP,CMP/CMP16_bilesen_sirasi_ters.jws,4147cc8fe0ac44c1205b5b69790db691282862092ab75fbbef22ea8e3547aa48,4775,jws-cekirdek,compact,tedavi-composite,a,,L4,,composite-bilesen-dogrulugu;serilestirme,JOSECOMP §4.2;JOSECOMP §4.3;JOSECOMP §4.4;JOSECOMP §5.3 (Tablo 7);JOSECOMP §4.4,,,ML-DSA-65-ES256,ML-DSA-65-ES256: bilesen sirasi ters (tradSig || mldsaSig).
X5C01_klasik_zincir,X5C,X5C/X5C01_klasik_zincir.sdjwt,b5acd1a0981320ff334aedf753d67ca61dfc99be105eb690195a964a8052a7de,3838,sd-jwt-vc,sd-jwt-compact,klasik-taban,,-13;-19,L3,,x5c-zincir,RFC7515 §4.1.6;HAIP §6.1.1;SDJWTVC §2.5;SDJWTVC13 §3.5,,,ES256,"SD-JWT VC (compact, PID); ES256 imzasi; x5c = [issuer-ec@int-ec, int-ec]; zincir sinifi: tam-klasik."
X5C02_pq_zincir,X5C,X5C/X5C02_pq_zincir.sdjwt,15c5d4eb46e677356b967d7acca437b47529336c2332ce880a3db1785f54b8e4,26409,sd-jwt-vc,sd-jwt-compact,tedavi-ML-DSA-65,,-13;-19,L3,,x5c-zincir,RFC7515 §4.1.6;HAIP §6.1.1;SDJWTVC §2.5;SDJWTVC13 §3.5,,,ML-DSA-65,"SD-JWT VC (compact, PID); ML-DSA-65 imzasi; x5c = [issuer-ml@int-ml, int-ml]; zincir sinifi: tam-pq."
X5C03_karisik_klasik_yaprak_pq_ara,X5C,X5C/X5C03_karisik_klasik_yaprak_pq_ara.sdjwt,2ca9cf93b35a505090a13f272bce3571d9bfef7e626b94dce36f5611497d00b2,18739,sd-jwt-vc,sd-jwt-compact,klasik-taban,,-13;-19,L3,karisik-x5c,,RFC7515 §4.1.6;HAIP §6.1.1;SDJWTVC §2.5;SDJWTVC13 §3.5,,,ES256,"SD-JWT VC (compact, PID); ES256 imzasi; x5c = [issuer-ec@int-ml, int-ml]; zincir sinifi: karisik."
X5C04_karisik_pq_yaprak_klasik_ara,X5C,X5C/X5C04_karisik_pq_yaprak_klasik_ara.sdjwt,8aeadb5d6839bf20ed07d9c79c9dbfdf19623db6f2e3b240dd34c6492eb2b4ad,11540,sd-jwt-vc,sd-jwt-compact,tedavi-ML-DSA-65,,-13;-19,L3,karisik-x5c,,RFC7515 §4.1.6;HAIP §6.1.1;SDJWTVC §2.5;SDJWTVC13 §3.5,,,ML-DSA-65,"SD-JWT VC (compact, PID); ML-DSA-65 imzasi; x5c = [issuer-ml@int-ec, int-ec]; zincir sinifi: karisik."
X5C05_karisik_pq_ara_klasik_kok,X5C,X5C/X5C05_karisik_pq_ara_klasik_kok.sdjwt,2b088157fe6b5a00c0563a2b34abb6224d132ca139a4d2e51066fc197b594602,20692,sd-jwt-vc,sd-jwt-compact,tedavi-ML-DSA-65,,-13;-19,L3,karisik-x5c,kok-halkasi-klasik,RFC7515 §4.1.6;HAIP §6.1.1;SDJWTVC §2.5;SDJWTVC13 §3.5,,,ML-DSA-65,"SD-JWT VC (compact, PID); ML-DSA-65 imzasi; x5c = [issuer-ml@int-ml-rootec, int-ml-rootec]; zincir sinifi: karisik."
X5C06_guven_capasi_x5c_icinde,X5C,X5C/X5C06_guven_capasi_x5c_icinde.sdjwt,bb404720b8f87762dd5624465e7705c053ce955e950ff26864a4293a9ef5834f,36333,sd-jwt-vc,sd-jwt-compact,tedavi-ML-DSA-65,,-13;-19,L3,,x5c-guven-capasi-icinde,RFC7515 §4.1.6;HAIP §6.1.1;SDJWTVC §2.5;SDJWTVC13 §3.5,,,ML-DSA-65,"X5C02 ile ayni zincir, ancak x5c kok sertifikayi (root-ml) da iceriyor (HAIP 6.1.1: guven capasi x5c'ye KONMAZ)."
X5C07_korumasiz_x5c,X5C,X5C/X5C07_korumasiz_x5c.json,9b57fbcb2307701b4873a051eaed283ac9be8afbe881452a17dfd26e03dbf125,21564,sd-jwt-vc,sd-jwt-flattened,tedavi-ML-DSA-65,,-13,L3,korumasiz-x5c,,RFC7515 §4.1.6;RFC7515 §7.2.2;RFC9901 §8.1;RFC9901 §8.2;HAIP §6.1.1,,,ML-DSA-65,"SD-JWT VC flattened JSON (RFC 9901 8.2); x5c KORUMASIZ baslikta (tam-PQ zincir); korumali baslik {alg,typ}."
X5C08_korumasiz_x5c_zincir_degisimi,X5C,X5C/X5C08_korumasiz_x5c_zincir_degisimi.json,7b53c3cac17e361708ac1d40155b30d6d291fe4943809dd51f25bc819c54acd7,10412,sd-jwt-vc,sd-jwt-flattened,tedavi-ML-DSA-65,,-13,L3,korumasiz-x5c;karisik-x5c,zincir-ikamesi,RFC7515 §4.1.6;RFC7515 §7.2.2;RFC9901 §8.1;RFC9901 §8.2;HAIP §6.1.1,,,ML-DSA-65,"X5C07 ile imza bayt-bayt ayni; korumasiz x5c, AYNI yaprak anahtari icin klasik CA zinciriyle [issuer-ml@int-ec, int-ec] degistirildi (imzayi bozmadan zincir sinifi dusurme)."
X5C09_korumali_ve_korumasiz_x5c,X5C,X5C/X5C09_korumali_ve_korumasiz_x5c.json,29701286320711a1ffa924f3b9ffba5b4cace5268206d2c2b518270106f44efa,30457,sd-jwt-vc,sd-jwt-flattened,tedavi-ML-DSA-65,,-13,L3,korumasiz-x5c,baslik-ayriklik-ihlali,RFC7515 §4.1.6;RFC7515 §7.2.2;RFC9901 §8.1;RFC9901 §8.2;HAIP §6.1.1;RFC7515 §7.2.1,,,ML-DSA-65,Flattened JSON; x5c HEM korumali (tam-PQ zincir) HEM korumasiz baslikta (karisik zincir). RFC 7515 7.2.1: korumali/korumasiz baslik adlari ayrik olmali.
X5C10_x5c_ve_baska_anahtar_kid,X5C,X5C/X5C10_x5c_ve_baska_anahtar_kid.sdjwt,67efb2c095aa6e3fda4dab52b05a44d82cacf2573d34bcc9609d26f87421a794,26478,sd-jwt-vc,sd-jwt-compact,tedavi-ML-DSA-65,,-13;-19,L3,,anahtar-cozumleme-belirsizligi,RFC7515 §4.1.6;HAIP §6.1.1;SDJWTVC §2.5;SDJWTVC13 §3.5;JWTBCP §3.1,,,ML-DSA-65,Korumali baslikta x5c (tam-PQ zincir; imza bu yaprak anahtariyla gecerli) VE baska bir anahtari (issuer/ES256) gosteren kid. Anahtar cozumleme belirsizligi.
REQ01_imzali_ES256_x509_hash,REQ,REQ/REQ01_imzali_ES256_x509_hash.jws,4b6c6a6afca5e42a814643b87e8ff27b173e0e3e10d0953a18ea614a16053015,3042,oid4vp-istek,compact,klasik-taban,,,L1;L3,,x509_hash,OID4VP §5;OID4VP §5.9.3;OID4VP A.3.2.1;HAIP §5;RFC9101 §4;JWTBCP §3.11,,openid4vp-v1-signed,ES256,"OID4VP istek nesnesi (DC API, compact); typ=oauth-authz-req+jwt; ES256; client_id=x509_hash (yaprak rp-ec@int-ec)."
REQ02_imzali_MLDSA65_x509_hash,REQ,REQ/REQ02_imzali_MLDSA65_x509_hash.jws,f8c19b89581bba70ad7f45b349a9b5bd760cf9e9bfe43964cc4876ff51ba9a1b,25619,oid4vp-istek,compact,tedavi-ML-DSA-65,,,L1;L3,,x509_hash,OID4VP §5;OID4VP §5.9.3;OID4VP A.3.2.1;HAIP §5;RFC9101 §4;JWTBCP §3.11,,openid4vp-v1-signed,ML-DSA-65,"OID4VP istek nesnesi (DC API, compact); typ=oauth-authz-req+jwt; ML-DSA-65; client_id=x509_hash (yaprak rp-ml@int-ml)."
REQ03_imzali_composite_onkayitli,REQ,REQ/REQ03_imzali_composite_onkayitli.jws,92ef971b266e3a0821274d04ff3b354549404a35caced8c2da9ee0ce45811b46,5681,oid4vp-istek,compact,tedavi-composite,a,,L1;L3,,onkayitli-istemci(M-d),OID4VP §5;OID4VP §5.9.3;OID4VP A.3.2.1;JOSECOMP §5.1 (Tablo 5),,openid4vp-v1-signed,ML-DSA-65-ES256,"OID4VP istek nesnesi (compact); ML-DSA-65-ES256; kid ile; client_id onkayitli (onek yok, ""rp.example.pq""): composite X.509 olmadigi icin x509_hash kullanilamadi (bant disi anahtar, M-d)."
REQ04_coklu_imzali,REQ,REQ/REQ04_coklu_imzali.json,b108fbdd840b23c33dedc963d4318b4e5ad2fa48db0e54039cfa3e5291a4f7d9,27797,oid4vp-istek,general,tedavi-ML-DSA-65,c,,L4,,coklu-imzali-istek,OID4VP A.3.2.2;HAIP §5.2;RFC7515 §7.2.1;RFC7515 §7.2;OID4VP §5.9.3,,openid4vp-v1-multisigned,ES256;ML-DSA-65,"OID4VP A.3.2.2 coklu imzali istek (General JSON): ES256 (klasik guven cercevesi, x509_hash) + ML-DSA-65 (PQ guven cercevesi, x509_hash); client_id her imzanin korumali basliginda."
REQ05_coklu_imzali_pq_soyuldu,REQ,REQ/REQ05_coklu_imzali_pq_soyuldu.json,8090f85bb31f6eb70589ec7c0f3b110772d53497a92cb10b91a469b13652fec4,3127,oid4vp-istek,general,tedavi-ML-DSA-65,c,,L4,,soyma;coklu-imzali-istek,"OID4VP A.3.2.2;HAIP §5.2;RFC7515 §7.2.1;RFC7515 §7.2;OID4VP §5.9.3;ACM2 (ECCG ACM v2, hibrit AND)",,openid4vp-v1-multisigned,ES256,REQ04'ten ML-DSA-65 imzasi soyuldu; yalniz ES256 (klasik) imza kaldi.
REQ06_coklu_imzali_klasik_soyuldu,REQ,REQ/REQ06_coklu_imzali_klasik_soyuldu.json,73d32018d317ac3984e967950308942da9e7fb30213f4c35efd764918dcf48b7,25704,oid4vp-istek,general,tedavi-ML-DSA-65,c,,L4,,soyma;coklu-imzali-istek,OID4VP A.3.2.2;HAIP §5.2;RFC7515 §7.2.1;RFC7515 §7.2;OID4VP §5.9.3,,openid4vp-v1-multisigned,ML-DSA-65,REQ04'ten ES256 imzasi soyuldu; yalniz ML-DSA-65 imza kaldi.
REQ07_coklu_imzali_pq_bozuk,REQ,REQ/REQ07_coklu_imzali_pq_bozuk.json,9e80e259828277af17e461f61840635416fb703e145216e1e022035ce830bae8,27797,oid4vp-istek,general,tedavi-ML-DSA-65,c,,L4,,bozuk-imza;coklu-imzali-istek,OID4VP A.3.2.2;HAIP §5.2;RFC7515 §7.2.1;RFC7515 §7.2;OID4VP §5.9.3,,openid4vp-v1-multisigned,ES256;ML-DSA-65,REQ04; ML-DSA-65 imzasinin 5. baytinda bit cevrildi.
REQ08_imzasiz_M-b0,REQ,REQ/REQ08_imzasiz_M-b0.json,ca4ba710c92637309af309413d812fdfcf24154d8c346cc3ee140fd74ef62f49,1176,oid4vp-istek,dcapi-json-parametre,,M-b0,,,,imzasizlastirma(M-b0),OID4VP A.3.1;OID4VP A.2;HAIP §5.2,,openid4vp-v1-unsigned,,M-b0 imzasizlastirma: ayni istek parametreleri DC API imzasiz istek olarak (openid4vp-v1-unsigned); client_id ve expected_origins yok (A.2: imzasiz istekte client_id OLMAMALI).
REQ09_imzasiz_M-b0_client_id_korundu,REQ,REQ/REQ09_imzasiz_M-b0_client_id_korundu.json,d4546fabf2bcef0b1fc83fc99243fcc188fa6b7a5381cfb8845788b076dabd18,1307,oid4vp-istek,dcapi-json-parametre,,M-b0,,,,imzasizlastirma(M-b0);kimlik-dogrulanmamis-client_id,OID4VP A.3.1;OID4VP A.2;HAIP §5.2,,openid4vp-v1-unsigned,,"M-b0: REQ02'nin imzali yuku imzasi atilarak imzasiz istek olarak sunuldu; client_id (x509_hash, PQ yaprak) ve expected_origins KORUNDU (A.2: cuzdan imzasiz istekte client_id ve expected_origins'i yok saymali)."
REQ10_istek_alg_none,REQ,REQ/REQ10_istek_alg_none.jws,e1712e8d706d61fd3a56a8374bac942400452958155dc1c709f491246cf0686c,1144,oid4vp-istek,compact,,M-b0,,L1,,alg-none;imzasizlastirma(M-b0),OID4VP §5;RFC9101 §6.2;RFC7515 §4.1.1,,openid4vp-v1-signed,none,"Istek nesnesi alg=none (imzasiz JWT; bos imza), typ=oauth-authz-req+jwt, client_id=x509_hash (PQ yaprak), x5c yok."
VC01_ES256_x5c,VC,VC/VC01_ES256_x5c.sdjwt,1915293b66226e7842f205779df9b378e1042560a8e7b9e6387cc168942969ff,3838,sd-jwt-vc,sd-jwt-compact,klasik-taban,,-13;-19,L1;L3,,,RFC9901 §4.1;RFC9901 §4.2;SDJWTVC §2.2.1;SDJWTVC13 §3.2.1;SDJWTVC §2.2.2.3;HAIP §6.1.1;HAIP §7,,,ES256,"SD-JWT VC ihraci (compact; typ=dc+sd-jwt; PID; 10 ifsa + 2 sahte ozet; cnf.jwk=holder/ES256); ES256, x5c=[issuer-ec@int-ec, ara CA]."
VC02_MLDSA65_x5c,VC,VC/VC02_MLDSA65_x5c.sdjwt,fa6cf73bd637feb8a5c2f9ca8ac1d40c9774c35a105065cf38f40d5c4a63965f,26409,sd-jwt-vc,sd-jwt-compact,tedavi-ML-DSA-65,,-13;-19,L1;L3,,,RFC9901 §4.1;RFC9901 §4.2;SDJWTVC §2.2.1;SDJWTVC13 §3.2.1;SDJWTVC §2.2.2.3;HAIP §6.1.1;RFC9964 §5,,,ML-DSA-65,"SD-JWT VC ihraci (compact; typ=dc+sd-jwt; PID; 10 ifsa + 2 sahte ozet; cnf.jwk=holder/ES256); ML-DSA-65, x5c=[issuer-ml@int-ml, ara CA]."
VC03_composite_kid,VC,VC/VC03_composite_kid.sdjwt,b964fdb1411ae1cf3dbb57578f4dd0ba8039cf5c3c6b434233700706d953e6ff,6537,sd-jwt-vc,sd-jwt-compact,tedavi-composite,a,-13;-19,L1;L3,,,RFC9901 §4.1;RFC9901 §4.2;SDJWTVC §2.2.1;SDJWTVC13 §3.2.1;SDJWTVC §2.2.2.3;JOSECOMP §5.1 (Tablo 5),,,ML-DSA-65-ES256,SD-JWT VC ihraci (compact; typ=dc+sd-jwt; PID; 10 ifsa + 2 sahte ozet; cnf.jwk=holder/ES256); ML-DSA-65-ES256 (x5c yok: composite/ek ML-DSA duzeyleri icin kid; composite X.509 kapsam disi).
VC04_MLDSA44_kid,VC,VC/VC04_MLDSA44_kid.sdjwt,4578f80e530fb5bd011b759a040c7cf61d696dfa92a73f2af0f4f787bbd1d2be,5248,sd-jwt-vc,sd-jwt-compact,kapsam-pq,,-13;-19,L1;L3,,,RFC9901 §4.1;RFC9901 §4.2;SDJWTVC §2.2.1;SDJWTVC13 §3.2.1;SDJWTVC §2.2.2.3;RFC9964 §5,,,ML-DSA-44,SD-JWT VC ihraci (compact; typ=dc+sd-jwt; PID; 10 ifsa + 2 sahte ozet; cnf.jwk=holder/ES256); ML-DSA-44 (x5c yok: composite/ek ML-DSA duzeyleri icin kid; composite X.509 kapsam disi).
VC05_MLDSA87_kid,VC,VC/VC05_MLDSA87_kid.sdjwt,a3d11099c58bfd9c9e3f8de94f25f01b591ea961d7d43e3ee5da5e96c76d5148,8191,sd-jwt-vc,sd-jwt-compact,kapsam-pq,,-13;-19,L1;L3,,,RFC9901 §4.1;RFC9901 §4.2;SDJWTVC §2.2.1;SDJWTVC13 §3.2.1;SDJWTVC §2.2.2.3;RFC9964 §5,,,ML-DSA-87,SD-JWT VC ihraci (compact; typ=dc+sd-jwt; PID; 10 ifsa + 2 sahte ozet; cnf.jwk=holder/ES256); ML-DSA-87 (x5c yok: composite/ek ML-DSA duzeyleri icin kid; composite X.509 kapsam disi).
VC06_composite_Ed25519_kid,VC,VC/VC06_composite_Ed25519_kid.sdjwt,f5fba169ee9e17af59d9b125e3141c02a8e096383af038ee958666d832d33d24,6530,sd-jwt-vc,sd-jwt-compact,kapsam-hibrit,a,-13;-19,L1;L3,,,RFC9901 §4.1;RFC9901 §4.2;SDJWTVC §2.2.1;SDJWTVC13 §3.2.1;SDJWTVC §2.2.2.3;JOSECOMP §5.1 (Tablo 5),,,ML-DSA-65-Ed25519,SD-JWT VC ihraci (compact; typ=dc+sd-jwt; PID; 10 ifsa + 2 sahte ozet; cnf.jwk=holder/ES256); ML-DSA-65-Ed25519 (x5c yok: composite/ek ML-DSA duzeyleri icin kid; composite X.509 kapsam disi).
VC07_GJ_ES256_MLDSA65,VC,VC/VC07_GJ_ES256_MLDSA65.json,d4b3db5a2b06e8ff55090cdb17e7e984a62b21db917eb2ee24d08f9f1c80badd,28604,sd-jwt-vc,sd-jwt-general,tedavi-ML-DSA-65,d,-13,L4,,coklu-imza,RFC9901 §8.3;RFC9901 §8.1;SDJWTVC13 §3.2;SDJWTVC §2.2;HAIP §9.4;RFC7515 §7.2.1,,,ES256;ML-DSA-65,"SD-JWT VC, JWS General JSON (RFC 9901 8.3), coklu ihracci imzasi: ES256 + ML-DSA-65; ifsalar ilk korumasiz baslikta. SD-JWT VC -13'te JSON serilestirme ISTEGE BAGLI (3.2), -19'da ayrintilar kapsam disi (2.2)."
VC08_GJ_ES256_composite,VC,VC/VC08_GJ_ES256_composite.json,fd7510b5e6627c2d005dcd1a9545c0875117db50a8aaea40d604a3be3398acae,8731,sd-jwt-vc,sd-jwt-general,tedavi-composite,d,-13,L4,,coklu-imza,RFC9901 §8.3;RFC9901 §8.1;SDJWTVC13 §3.2;SDJWTVC §2.2;HAIP §9.4;RFC7515 §7.2.1,,,ES256;ML-DSA-65-ES256,"SD-JWT VC, JWS General JSON (RFC 9901 8.3), coklu ihracci imzasi: ES256 + ML-DSA-65-ES256; ifsalar ilk korumasiz baslikta. SD-JWT VC -13'te JSON serilestirme ISTEGE BAGLI (3.2), -19'da ayrintilar kapsam disi (2.2)."
VC09_GJ_ES256_EdDSA,VC,VC/VC09_GJ_ES256_EdDSA.json,096bd71f9e8dfa160c321c48be1d775e0635fe2283ed59523d1e86da9ec2e0ff,4297,sd-jwt-vc,sd-jwt-general,kontrol-EdDSA,d,-13,L4,,coklu-imza,RFC9901 §8.3;RFC9901 §8.1;SDJWTVC13 §3.2;SDJWTVC §2.2;HAIP §9.4;RFC7515 §7.2.1,,,ES256;EdDSA,"SD-JWT VC, JWS General JSON (RFC 9901 8.3), coklu ihracci imzasi: ES256 + EdDSA; ifsalar ilk korumasiz baslikta. SD-JWT VC -13'te JSON serilestirme ISTEGE BAGLI (3.2), -19'da ayrintilar kapsam disi (2.2)."
VC10_ikili_ihrac,VC,VC/VC10_ikili_ihrac.json,d403463993a3453cb776f526f750a1b7be8c7fa1031598d6f70dc5930801fefe,30329,sd-jwt-vc,oid4vci-toplu-yanit,tedavi-ML-DSA-65,b,-13;-19,L1;L3,,ikili-ihrac,RFC9901 §4.1;RFC9901 §4.2;SDJWTVC §2.2.1;SDJWTVC13 §3.2.1;SDJWTVC §2.2.2.3;HAIP §6.1.1,,,ES256;ML-DSA-65,Ikili ihrac (senaryo b): ayni toplu yanitta (OID4VCI credentials dizisi bicimi) ayni talepli iki SD-JWT VC — ES256 (klasik zincir) ve ML-DSA-65 (PQ zincir); tuzlar farkli (baglantilanamazlik).
VC11_typ_vc+sd-jwt,VC,VC/VC11_typ_vc+sd-jwt.sdjwt,d3fb0e5f635cd194b4420508eab5794dbf8b2eb23bbc6c9d6fe36629bb730c95,3838,sd-jwt-vc,sd-jwt-compact,klasik-taban,,-13,L1,,typ-gecisi(-13),SDJWTVC13 §3.2.1;SDJWTVC §2.2.1;JWTBCP §3.11,,,ES256,"VC01 benzeri; typ=""vc+sd-jwt"" (eski deger). -13 3.2.1: gecis doneminde her iki degerin kabulu ONERILIR; -19 yalniz dc+sd-jwt tanimlar."
VC12_alg_none,VC,VC/VC12_alg_none.sdjwt,e65a7b76fd41f4320a8aba7aadafc80d5ba6bf49e36ce377fb39072a96454b00,1945,sd-jwt-vc,sd-jwt-compact,,,-13;-19,L1,,alg-none,RFC9901 §9.1;RFC7515 §4.1.1,,,none,SD-JWT VC; ihracci JWT alg=none (imzasiz; bos imza). RFC 9901 9.1: ihracci JWT imzali OLMALI.
VP01_ihracci_ES256_kb_ES256,VP,VP/VP01_ihracci_ES256_kb_ES256.sdjwt,59fca2db3cf6b6253a112815fe9802680471e7526d24f3b7febff3f5bfab6bb9,3724,sd-jwt-vc+kb,sd-jwt-compact,klasik-taban,,-13;-19,L1;L3,,kb-jwt,RFC9901 §4.3;RFC9901 §4.3.1;RFC9901 §7.3;HAIP §6.1.1.1;OID4VP A.4,,,ES256,"SD-JWT+KB sunumu (compact): ihracci ES256 (x5c); KB-JWT ES256 (cnf.jwk=holder/ES256); acilan ifsalar: given_name, family_name, age_equal_or_over.18; aud=""origin:https://verifier.example/"", nonce=""n-0S6_WzA2Mj""."
VP02_ihracci_MLDSA65_kb_ES256,VP,VP/VP02_ihracci_MLDSA65_kb_ES256.sdjwt,c832bf3d16293ff5869f65aa4a0a4defd87e6ce12359cb08c93bcb881e1b79d7,26295,sd-jwt-vc+kb,sd-jwt-compact,tedavi-ML-DSA-65,,-13;-19,L1;L3,,kb-jwt;pq-ihracci-klasik-cihaz-anahtari,RFC9901 §4.3;RFC9901 §4.3.1;RFC9901 §7.3;HAIP §6.1.1.1;OID4VP A.4,,,ML-DSA-65,"SD-JWT+KB sunumu (compact): ihracci ML-DSA-65 (x5c); KB-JWT ES256 (cnf.jwk=holder/ES256); acilan ifsalar: given_name, family_name, age_equal_or_over.18; aud=""origin:https://verifier.example/"", nonce=""n-0S6_WzA2Mj""."
VP03_ihracci_MLDSA65_kb_MLDSA65,VP,VP/VP03_ihracci_MLDSA65_kb_MLDSA65.sdjwt,7b8dc05749c23ce1119a25d8e71a7e8e49c07d8b3a030fb00057faf77688673a,33983,sd-jwt-vc+kb,sd-jwt-compact,tedavi-ML-DSA-65,,-13;-19,L1;L3,,kb-jwt,RFC9901 §4.3;RFC9901 §4.3.1;RFC9901 §7.3;HAIP §6.1.1.1;OID4VP A.4,,,ML-DSA-65,"SD-JWT+KB sunumu (compact): ihracci ML-DSA-65 (x5c); KB-JWT ML-DSA-65 (cnf.jwk=holder/ML-DSA-65); acilan ifsalar: given_name, family_name, age_equal_or_over.18; aud=""origin:https://verifier.example/"", nonce=""n-0S6_WzA2Mj""."
VP04_ihracci_composite_kb_composite,VP,VP/VP04_ihracci_composite_kb_composite.sdjwt,5bf41df7c49de20a7c295fa5b844c3899cf57021524c70c303eedc7631850e7a,14336,sd-jwt-vc+kb,sd-jwt-compact,tedavi-composite,a,-13;-19,L1;L3,,kb-jwt,RFC9901 §4.3;RFC9901 §4.3.1;RFC9901 §7.3;HAIP §6.1.1.1;OID4VP A.4,,,ML-DSA-65-ES256,"SD-JWT+KB sunumu (compact): ihracci ML-DSA-65-ES256 (kid); KB-JWT ML-DSA-65-ES256 (cnf.jwk=holder/ML-DSA-65-ES256); acilan ifsalar: given_name, family_name, age_equal_or_over.18; aud=""origin:https://verifier.example/"", nonce=""n-0S6_WzA2Mj""."
VP05_GJ_ES256_MLDSA65_kb,VP,VP/VP05_GJ_ES256_MLDSA65_kb.json,0d7f9b71d6c0132e1c2b0bd4d523b060c777016152b24fff109bb3ab67b8c72d,28452,sd-jwt-vc+kb,sd-jwt-general,tedavi-ML-DSA-65,d,-13,L4,,kb-jwt;coklu-imza,RFC9901 §8.1;RFC9901 §8.3;RFC9901 §4.3.1;SDJWTVC13 §4.1,,,ES256;ML-DSA-65,"SD-JWT+KB, General JSON (RFC 9901 8.3): ihracci ES256 + ML-DSA-65; disclosures ve kb_jwt ilk korumasiz baslikta; sd_hash, ILK imza (ES256) ile kurulan gecici compact bicim uzerinden (8.1'in bu aracin okumasi)."
VP06_GJ_pq_soyuldu_kb_gecerli,VP,VP/VP06_GJ_pq_soyuldu_kb_gecerli.json,ddb77086d0fd37d0acc0deec367422fc0d9495f57216a7c7fba920452d86ad97,3897,sd-jwt-vc+kb,sd-jwt-general,tedavi-ML-DSA-65,d,-13,L4,,soyma;sd_hash-belirsizligi;kb-jwt,"RFC9901 §8.1;RFC9901 §8.3;RFC9901 §4.3.1;SDJWTVC13 §4.1;ACM2 (ECCG ACM v2, hibrit AND)",,,ES256,VP05'ten ML-DSA-65 ihracci imzasi soyuldu. KB-JWT sd_hash'i yalniz ilk (ES256) imzayi kapsadigindan KB-JWT hala bu nesneyle tutarli (sd_hash baglamasi coklu imzayi korumuyor).
VP07_GJ_sd_hash_ikinci_imza,VP,VP/VP07_GJ_sd_hash_ikinci_imza.json,779ca93ca655d4cc545debb9f38c2f5218ab02f06122ad1b4405e5e188cf048c,28452,sd-jwt-vc+kb,sd-jwt-general,tedavi-ML-DSA-65,d,-13,L4,,sd_hash-belirsizligi;kb-jwt,RFC9901 §8.1;RFC9901 §8.3;RFC9901 §4.3.1;SDJWTVC13 §4.1,,,ES256;ML-DSA-65,VP05 ile ayni; ancak KB-JWT sd_hash'i IKINCI (ML-DSA-65) imzayla kurulan gecici compact bicim uzerinden (8.1'in alternatif okumasi).
TSL01_ES256_x5c,TSL,TSL/TSL01_ES256_x5c.jws,d7a01758ad8ef23714adfcdd80cab115035f9dc3cf0c7723553cd5190687fef5,2142,status-list-token,compact,klasik-taban,,,L1;L3,,durum-listesi,TSL §5.1;TSL §4.2;TSL §4.1;HAIP §6.1;HAIP §7,,,ES256,"Status List Token (JWT; typ=statuslist+jwt; bits=1, 16 girdi; idx 3 ve 12 = INVALID, idx 7 (PID) = VALID); ES256; x5c=[status-ec@int-ec, ara CA]."
TSL02_MLDSA65_x5c,TSL,TSL/TSL02_MLDSA65_x5c.jws,ef6dad3b58f35ab8a803ccf7973c6218f58727d7ae1800e0b12284622091aef5,24719,status-list-token,compact,tedavi-ML-DSA-65,,,L1;L3,,durum-listesi,TSL §5.1;TSL §4.2;TSL §4.1;HAIP §6.1;HAIP §7,,,ML-DSA-65,"Status List Token (JWT; typ=statuslist+jwt; bits=1, 16 girdi; idx 3 ve 12 = INVALID, idx 7 (PID) = VALID); ML-DSA-65; x5c=[status-ml@int-ml, ara CA]."
TSL03_composite_kid,TSL,TSL/TSL03_composite_kid.jws,f0a1045318a972cbf232b0bb80f510bebe67d0588043590be5a0e28bfe79701b,4830,status-list-token,compact,tedavi-composite,a,,L1;L3,,durum-listesi,TSL §5.1;TSL §4.2;TSL §4.1;HAIP §6.1;HAIP §7,,,ML-DSA-65-ES256,"Status List Token (JWT; typ=statuslist+jwt; bits=1, 16 girdi; idx 3 ve 12 = INVALID, idx 7 (PID) = VALID); ML-DSA-65-ES256; kid (composite X.509 kapsam disi)."
DPOP01_ES256,DPOP,DPOP/DPOP01_ES256.jws,82e865fa7db887f2a6caafbe4176ce5fe6b53344c92dceab965ef3c94b1a6fb2,440,dpop,compact,klasik-taban,,,L1,,boyut-esigi,RFC9449 §4.2;RFC9449 §4.3;HAIP §4,,,ES256,"DPoP kaniti (typ=dpop+jwt; jwk=acik anahtar); ES256; asgari talepler (jti, htm, htu, iat); 440 B (nginx 1.31.6 varsayilan baslik degeri esigi 8.182 B, Node 24.15 16.348 B — P4)."
DPOP02_EdDSA,DPOP,DPOP/DPOP02_EdDSA.jws,07e2fe09f12e7660f4da21c70650c8000fd15682a0a95794b1111b07b81545c2,378,dpop,compact,kontrol-EdDSA,,,L1,,boyut-esigi,RFC9449 §4.2;RFC9449 §4.3;HAIP §4,,,EdDSA,"DPoP kaniti (typ=dpop+jwt; jwk=acik anahtar); EdDSA; asgari talepler (jti, htm, htu, iat); 378 B (nginx 1.31.6 varsayilan baslik degeri esigi 8.182 B, Node 24.15 16.348 B — P4)."
DPOP03_ML-DSA-44,DPOP,DPOP/DPOP03_ML-DSA-44.jws,2a7818b9b9d5924f1fc212688bb2984b71b9b23fdb4813fc10016405d7adf838,5805,dpop,compact,kapsam-pq,,,L1,,boyut-esigi,RFC9449 §4.2;RFC9449 §4.3;HAIP §4,,,ML-DSA-44,"DPoP kaniti (typ=dpop+jwt; jwk=acik anahtar); ML-DSA-44; asgari talepler (jti, htm, htu, iat); 5805 B (nginx 1.31.6 varsayilan baslik degeri esigi 8.182 B, Node 24.15 16.348 B — P4)."
DPOP04_ML-DSA-65,DPOP,DPOP/DPOP04_ML-DSA-65.jws,e351b5119abcf4e333f21fda42c10ee8f0f0b036762cc620870b34bbcab7227a,8128,dpop,compact,tedavi-ML-DSA-65,,,L1,,boyut-esigi,RFC9449 §4.2;RFC9449 §4.3;HAIP §4,,,ML-DSA-65,"DPoP kaniti (typ=dpop+jwt; jwk=acik anahtar); ML-DSA-65; asgari talepler (jti, htm, htu, iat); 8128 B (nginx 1.31.6 varsayilan baslik degeri esigi 8.182 B, Node 24.15 16.348 B — P4)."
DPOP05_ML-DSA-87,DPOP,DPOP/DPOP05_ML-DSA-87.jws,232195a8b065eed2254004e902fc69b44bcb3a80aa36448575e2e2b52808ee14,11023,dpop,compact,kapsam-pq,,,L1,,boyut-esigi,RFC9449 §4.2;RFC9449 §4.3;HAIP §4,,,ML-DSA-87,"DPoP kaniti (typ=dpop+jwt; jwk=acik anahtar); ML-DSA-87; asgari talepler (jti, htm, htu, iat); 11023 B (nginx 1.31.6 varsayilan baslik degeri esigi 8.182 B, Node 24.15 16.348 B — P4)."
DPOP06_ML-DSA-65-ES256,DPOP,DPOP/DPOP06_ML-DSA-65-ES256.jws,4900ae00786f1b4b5ebf10d1c0059a07048d41670131fb6d76e9f5e817968563,8355,dpop,compact,tedavi-composite,a,,L1,,boyut-esigi,RFC9449 §4.2;RFC9449 §4.3;HAIP §4,,,ML-DSA-65-ES256,"DPoP kaniti (typ=dpop+jwt; jwk=acik anahtar); ML-DSA-65-ES256; asgari talepler (jti, htm, htu, iat); 8355 B (nginx 1.31.6 varsayilan baslik degeri esigi 8.182 B, Node 24.15 16.348 B — P4)."
DPOP07_ML-DSA-65-Ed25519,DPOP,DPOP/DPOP07_ML-DSA-65-Ed25519.jws,abb31ca0e81abf69b013effae920bc7132c063b04ecc28686a6aea6193ba9b10,8292,dpop,compact,kapsam-hibrit,a,,L1,,boyut-esigi,RFC9449 §4.2;RFC9449 §4.3;HAIP §4,,,ML-DSA-65-Ed25519,"DPoP kaniti (typ=dpop+jwt; jwk=acik anahtar); ML-DSA-65-Ed25519; asgari talepler (jti, htm, htu, iat); 8292 B (nginx 1.31.6 varsayilan baslik degeri esigi 8.182 B, Node 24.15 16.348 B — P4)."
DPOP08_ML-DSA-65_ath_nonce,DPOP,DPOP/DPOP08_ML-DSA-65_ath_nonce.jws,88370f97758121aa6f49ebc5a75434fda629cfb2eb27f987897985fa81b2da0a,8244,dpop,compact,tedavi-ML-DSA-65,,,L1,,boyut-esigi,RFC9449 §4.2;RFC9449 §4.3;HAIP §4,,,ML-DSA-65,"DPoP kaniti (typ=dpop+jwt; jwk=acik anahtar); ML-DSA-65; kaynak erisimi: + ath (erisim belirteci ozeti) + nonce; 8244 B (nginx 1.31.6 varsayilan baslik degeri esigi 8.182 B, Node 24.15 16.348 B — P4)."
DPOP09_ML-DSA-65-ES256_ath_nonce,DPOP,DPOP/DPOP09_ML-DSA-65-ES256_ath_nonce.jws,398b8d63984dc52a4f44e4d76a4a30d534087bad66b99c1cd30bb08172d845e4,8472,dpop,compact,tedavi-composite,a,,L1,,boyut-esigi,RFC9449 §4.2;RFC9449 §4.3;HAIP §4,,,ML-DSA-65-ES256,"DPoP kaniti (typ=dpop+jwt; jwk=acik anahtar); ML-DSA-65-ES256; kaynak erisimi: + ath (erisim belirteci ozeti) + nonce; 8472 B (nginx 1.31.6 varsayilan baslik degeri esigi 8.182 B, Node 24.15 16.348 B — P4)."
DPOP10_jwk_ozel_anahtar_iceriyor,DPOP,DPOP/DPOP10_jwk_ozel_anahtar_iceriyor.jws,7f3b3bf77938153beb1e4da6de1c1a32f269b2d29ceb5bf3e2a589f816b4e002,8198,dpop,compact,tedavi-ML-DSA-65,,,L1,,jwk-ozel-anahtar,RFC9449 §4.2;RFC9449 §4.3;HAIP §4;RFC9964 §3,,,ML-DSA-65,DPoP kaniti; jwk basligi AKP OZEL anahtar uyesini (priv) iceriyor (RFC 9449 4.2: jwk ozel anahtar ICERMEMELI).
CRIT01_bilinmeyen_parametre,CRIT,CRIT/CRIT01_bilinmeyen_parametre.sdjwt,46b05d54dbd674875908b7ce7a760125198085313f7e534f456ebddcb88dfdc5,26530,sd-jwt-vc,sd-jwt-compact,tedavi-ML-DSA-65,,-13;-19,L1,,crit;M-f-tasiyici-adayi,RFC7515 §4.1.11;SDJWTVC §2.2.1,,,ML-DSA-65,"SD-JWT VC (compact; ML-DSA-65; x5c tam-PQ); crit=[""x-pq-beklenti""] ve parametre korumali baslikta (M-f tasiyicisi adayi: taniyamayan dogrulayici reddetmek ZORUNDA — fail-closed dagitim)."
CRIT03_kayitli_ad,CRIT,CRIT/CRIT03_kayitli_ad.sdjwt,48baccee7af5cfd66971f3a012a64daa01fdd513a5091e833743d4c4e0295f19,26429,sd-jwt-vc,sd-jwt-compact,tedavi-ML-DSA-65,,-13;-19,L1,,crit,RFC7515 §4.1.11;SDJWTVC §2.2.1,,,ML-DSA-65,"SD-JWT VC (compact; ML-DSA-65; x5c tam-PQ); crit=[""alg""] (RFC 7515 4.1.11: bu belgede tanimli parametreler crit'te listelenmemeli)."
CRIT04_bos_dizi,CRIT,CRIT/CRIT04_bos_dizi.sdjwt,eee3be81b273279a78d7a8c57b401f68f263151580c9ed54f2e4c46e747d5afd,26422,sd-jwt-vc,sd-jwt-compact,tedavi-ML-DSA-65,,-13;-19,L1,,crit,RFC7515 §4.1.11;SDJWTVC §2.2.1,,,ML-DSA-65,SD-JWT VC (compact; ML-DSA-65; x5c tam-PQ); crit=[] (bos liste kullanilmamali).
CRIT05_listelenen_parametre_yok,CRIT,CRIT/CRIT05_listelenen_parametre_yok.sdjwt,81ba1cd812d46184391858f98513ff7e28f3f5cbb0cc0e8bc79df04189b5a025,26432,sd-jwt-vc,sd-jwt-compact,tedavi-ML-DSA-65,,-13;-19,L1,,crit,RFC7515 §4.1.11;SDJWTVC §2.2.1,,,ML-DSA-65,"SD-JWT VC (compact; ML-DSA-65; x5c tam-PQ); crit=[""x-yok""] ama x-yok baslikta yok."
CRIT02_korumasiz_crit,CRIT,CRIT/CRIT02_korumasiz_crit.json,780084fdf57eaac67964693db9f84dcdd0f6c2a132fe2071aadb5e2b7323810d,26688,sd-jwt-vc,sd-jwt-flattened,tedavi-ML-DSA-65,,-13,L1,,crit;M-f-tasiyici-adayi,RFC7515 §4.1.11;SDJWTVC §2.2.1;RFC7515 §7.2.2;RFC9901 §8.2,,,ML-DSA-65,SD-JWT VC flattened JSON; crit ve x-pq-beklenti KORUMASIZ baslikta (RFC 7515 4.1.11: crit korumali olmali).
