baslangic	2026-09-25T12:39:21Z
hedef	JOSE-083
ekosistem	pypi
paket	pyjwt
istenen_surum	2.15.0
not	ekstra [crypto]
arac	python 3.13.15; pip 26.2.1
paket_ozeti	sha256:7a3742debf6b879e912dbb9819ceec1594be812452b78c5f2e2dfc56564954f8 (pyjwt-2.15.0-py3-none-any.whl)
bagimlilik_sayisi	4
kilit_dosyasi	requirements.lock (pip --report'tan, --hash'li)
kilit_sha256	064a5f22c7d45c8284b30a1b3bd38f20d421108f74936d70bceb5aeb73ff2f3a
kurulan_surum	2.15.0
lisans_kayit	MIT
ortam	cryptography 50.0.1; gömülü OpenSSL 4.0.2 25 Aug 2026; mldsa_modulu=var
ice_aktar	basarili
bitis	2026-09-25T12:39:35Z
