id,aile,artefakt,serilestirme,kol,algler,bayt,nginx_8182_asar,node_16348_asar
T1K_both_valid,T,jws-cekirdek,general,kontrol-EdDSA,ES256;EdDSA,449,False,False
T2K_second_tampered,T,jws-cekirdek,general,kontrol-EdDSA,ES256;EdDSA,449,False,False
T3_stripped_to_ES256,T,jws-cekirdek,general,ortak,ES256,295,False,False
T1P_both_valid,T,jws-cekirdek,general,tedavi-ML-DSA-65,ES256;ML-DSA-65,4781,False,False
T2P_second_tampered,T,jws-cekirdek,general,tedavi-ML-DSA-65,ES256;ML-DSA-65,4781,False,False
T1C_both_valid,T,jws-cekirdek,general,tedavi-composite,ES256;ML-DSA-65-ES256,4884,False,False
T2C_second_tampered,T,jws-cekirdek,general,tedavi-composite,ES256;ML-DSA-65-ES256,4884,False,False
T4K_plus_ML-DSA-65,T,jws-cekirdek,general,kontrol-EdDSA,ES256;EdDSA;ML-DSA-65,4935,False,False
T4P_plus_ML-DSA-65-ES256,T,jws-cekirdek,general,tedavi-ML-DSA-65,ES256;ML-DSA-65;ML-DSA-65-ES256,9370,True,False
T4C_plus_ML-DSA-65,T,jws-cekirdek,general,tedavi-composite,ES256;ML-DSA-65-ES256;ML-DSA-65,9370,True,False
T5P_only_ML-DSA-65,T,jws-cekirdek,general,tedavi-ML-DSA-65,ML-DSA-65,4627,False,False
T5C_only_ML-DSA-65-ES256,T,jws-cekirdek,general,tedavi-composite,ML-DSA-65-ES256,4730,False,False
T5K_only_EdDSA,T,jws-cekirdek,general,kontrol-EdDSA,EdDSA,295,False,False
T6_plus_composite,T,jws-cekirdek,general,kontrol-EdDSA,ES256;EdDSA;ML-DSA-65-ES256,5038,False,False
UNK01_alg_ML-DSA-66,UNK,jws-cekirdek,compact,tedavi-ML-DSA-65,ML-DSA-66,4672,False,False
UNK02_alg_ML-DSA-65-P256,UNK,jws-cekirdek,compact,tedavi-composite,ML-DSA-65-P256,4774,False,False
UNK03_alg_kucuk_harf,UNK,jws-cekirdek,compact,tedavi-ML-DSA-65,ml-dsa-65,4672,False,False
UNK04_general_arti_kayitsiz_composite,UNK,jws-cekirdek,general,tedavi-ML-DSA-65,ES256;ML-DSA-65;ML-DSA-65-P256,9622,True,False
UNK05_general_arti_alg_none,UNK,jws-cekirdek,general,tedavi-ML-DSA-65,ES256;ML-DSA-65;none,5032,False,False
CMP00_gecerli_referans,CMP,jws-cekirdek,compact,tedavi-composite,ML-DSA-65-ES256,4775,False,False
CMP01_ml_bileseni_bozuk,CMP,jws-cekirdek,compact,tedavi-composite,ML-DSA-65-ES256,4775,False,False
CMP02_ecdsa_bileseni_bozuk,CMP,jws-cekirdek,compact,tedavi-composite,ML-DSA-65-ES256,4775,False,False
CMP03_ecdsa_der_uzunluk_bozuk,CMP,jws-cekirdek,compact,tedavi-composite,ML-DSA-65-ES256,4775,False,False
CMP04_ecdsa_ham_rs,CMP,jws-cekirdek,compact,tedavi-composite,ML-DSA-65-ES256,4766,False,False
CMP05_ecdsa_asgari_olmayan_der,CMP,jws-cekirdek,compact,tedavi-composite,ML-DSA-65-ES256,4776,False,False
CMP06_sonda_artik_bayt,CMP,jws-cekirdek,compact,tedavi-composite,ML-DSA-65-ES256,4776,False,False
CMP07_yalniz_ml_bileseni,CMP,jws-cekirdek,compact,tedavi-composite,ML-DSA-65-ES256,4680,False,False
CMP08_bilesenler_farkli_iletilerden,CMP,jws-cekirdek,compact,tedavi-composite,ML-DSA-65-ES256,4775,False,False
CMP09_ml_bileseni_ctx_bos,CMP,jws-cekirdek,compact,tedavi-composite,ML-DSA-65-ES256,4775,False,False
CMP10_onozet_sha256,CMP,jws-cekirdek,compact,tedavi-composite,ML-DSA-65-ES256,4775,False,False
CMP11_bos_ctx_uzunlugu_yok,CMP,jws-cekirdek,compact,tedavi-composite,ML-DSA-65-ES256,4776,False,False
CMP12_ayrilabilirlik_ecdsa_ES256,CMP,jws-cekirdek,compact,tedavi-composite,ES256,341,False,False
CMP13_ayrilabilirlik_ml_MLDSA65,CMP,jws-cekirdek,compact,tedavi-composite,ML-DSA-65,4672,False,False
CMP14_ed25519_ml_bileseni_bozuk,CMP,jws-cekirdek,compact,kapsam-hibrit,ML-DSA-65-Ed25519,4769,False,False
CMP15_ed25519_eddsa_bileseni_bozuk,CMP,jws-cekirdek,compact,kapsam-hibrit,ML-DSA-65-Ed25519,4769,False,False
CMP16_bilesen_sirasi_ters,CMP,jws-cekirdek,compact,tedavi-composite,ML-DSA-65-ES256,4775,False,False
X5C01_klasik_zincir,X5C,sd-jwt-vc,sd-jwt-compact,klasik-taban,ES256,3838,False,False
X5C02_pq_zincir,X5C,sd-jwt-vc,sd-jwt-compact,tedavi-ML-DSA-65,ML-DSA-65,26409,True,True
X5C03_karisik_klasik_yaprak_pq_ara,X5C,sd-jwt-vc,sd-jwt-compact,klasik-taban,ES256,18739,True,True
X5C04_karisik_pq_yaprak_klasik_ara,X5C,sd-jwt-vc,sd-jwt-compact,tedavi-ML-DSA-65,ML-DSA-65,11540,True,False
X5C05_karisik_pq_ara_klasik_kok,X5C,sd-jwt-vc,sd-jwt-compact,tedavi-ML-DSA-65,ML-DSA-65,20692,True,True
X5C06_guven_capasi_x5c_icinde,X5C,sd-jwt-vc,sd-jwt-compact,tedavi-ML-DSA-65,ML-DSA-65,36333,True,True
X5C07_korumasiz_x5c,X5C,sd-jwt-vc,sd-jwt-flattened,tedavi-ML-DSA-65,ML-DSA-65,21564,True,True
X5C08_korumasiz_x5c_zincir_degisimi,X5C,sd-jwt-vc,sd-jwt-flattened,tedavi-ML-DSA-65,ML-DSA-65,10412,True,False
X5C09_korumali_ve_korumasiz_x5c,X5C,sd-jwt-vc,sd-jwt-flattened,tedavi-ML-DSA-65,ML-DSA-65,30457,True,True
X5C10_x5c_ve_baska_anahtar_kid,X5C,sd-jwt-vc,sd-jwt-compact,tedavi-ML-DSA-65,ML-DSA-65,26478,True,True
REQ01_imzali_ES256_x509_hash,REQ,oid4vp-istek,compact,klasik-taban,ES256,3042,False,False
REQ02_imzali_MLDSA65_x509_hash,REQ,oid4vp-istek,compact,tedavi-ML-DSA-65,ML-DSA-65,25619,True,True
REQ03_imzali_composite_onkayitli,REQ,oid4vp-istek,compact,tedavi-composite,ML-DSA-65-ES256,5681,False,False
REQ04_coklu_imzali,REQ,oid4vp-istek,general,tedavi-ML-DSA-65,ES256;ML-DSA-65,27797,True,True
REQ05_coklu_imzali_pq_soyuldu,REQ,oid4vp-istek,general,tedavi-ML-DSA-65,ES256,3127,False,False
REQ06_coklu_imzali_klasik_soyuldu,REQ,oid4vp-istek,general,tedavi-ML-DSA-65,ML-DSA-65,25704,True,True
REQ07_coklu_imzali_pq_bozuk,REQ,oid4vp-istek,general,tedavi-ML-DSA-65,ES256;ML-DSA-65,27797,True,True
REQ08_imzasiz_M-b0,REQ,oid4vp-istek,dcapi-json-parametre,,,1176,False,False
REQ09_imzasiz_M-b0_client_id_korundu,REQ,oid4vp-istek,dcapi-json-parametre,,,1307,False,False
REQ10_istek_alg_none,REQ,oid4vp-istek,compact,,none,1144,False,False
VC01_ES256_x5c,VC,sd-jwt-vc,sd-jwt-compact,klasik-taban,ES256,3838,False,False
VC02_MLDSA65_x5c,VC,sd-jwt-vc,sd-jwt-compact,tedavi-ML-DSA-65,ML-DSA-65,26409,True,True
VC03_composite_kid,VC,sd-jwt-vc,sd-jwt-compact,tedavi-composite,ML-DSA-65-ES256,6537,False,False
VC04_MLDSA44_kid,VC,sd-jwt-vc,sd-jwt-compact,kapsam-pq,ML-DSA-44,5248,False,False
VC05_MLDSA87_kid,VC,sd-jwt-vc,sd-jwt-compact,kapsam-pq,ML-DSA-87,8191,True,False
VC06_composite_Ed25519_kid,VC,sd-jwt-vc,sd-jwt-compact,kapsam-hibrit,ML-DSA-65-Ed25519,6530,False,False
VC07_GJ_ES256_MLDSA65,VC,sd-jwt-vc,sd-jwt-general,tedavi-ML-DSA-65,ES256;ML-DSA-65,28604,True,True
VC08_GJ_ES256_composite,VC,sd-jwt-vc,sd-jwt-general,tedavi-composite,ES256;ML-DSA-65-ES256,8731,True,False
VC09_GJ_ES256_EdDSA,VC,sd-jwt-vc,sd-jwt-general,kontrol-EdDSA,ES256;EdDSA,4297,False,False
VC10_ikili_ihrac,VC,sd-jwt-vc,oid4vci-toplu-yanit,tedavi-ML-DSA-65,ES256;ML-DSA-65,30329,True,True
VC11_typ_vc+sd-jwt,VC,sd-jwt-vc,sd-jwt-compact,klasik-taban,ES256,3838,False,False
VC12_alg_none,VC,sd-jwt-vc,sd-jwt-compact,,none,1945,False,False
VP01_ihracci_ES256_kb_ES256,VP,sd-jwt-vc+kb,sd-jwt-compact,klasik-taban,ES256,3724,False,False
VP02_ihracci_MLDSA65_kb_ES256,VP,sd-jwt-vc+kb,sd-jwt-compact,tedavi-ML-DSA-65,ML-DSA-65,26295,True,True
VP03_ihracci_MLDSA65_kb_MLDSA65,VP,sd-jwt-vc+kb,sd-jwt-compact,tedavi-ML-DSA-65,ML-DSA-65,33983,True,True
VP04_ihracci_composite_kb_composite,VP,sd-jwt-vc+kb,sd-jwt-compact,tedavi-composite,ML-DSA-65-ES256,14336,True,False
VP05_GJ_ES256_MLDSA65_kb,VP,sd-jwt-vc+kb,sd-jwt-general,tedavi-ML-DSA-65,ES256;ML-DSA-65,28452,True,True
VP06_GJ_pq_soyuldu_kb_gecerli,VP,sd-jwt-vc+kb,sd-jwt-general,tedavi-ML-DSA-65,ES256,3897,False,False
VP07_GJ_sd_hash_ikinci_imza,VP,sd-jwt-vc+kb,sd-jwt-general,tedavi-ML-DSA-65,ES256;ML-DSA-65,28452,True,True
TSL01_ES256_x5c,TSL,status-list-token,compact,klasik-taban,ES256,2142,False,False
TSL02_MLDSA65_x5c,TSL,status-list-token,compact,tedavi-ML-DSA-65,ML-DSA-65,24719,True,True
TSL03_composite_kid,TSL,status-list-token,compact,tedavi-composite,ML-DSA-65-ES256,4830,False,False
DPOP01_ES256,DPOP,dpop,compact,klasik-taban,ES256,440,False,False
DPOP02_EdDSA,DPOP,dpop,compact,kontrol-EdDSA,EdDSA,378,False,False
DPOP03_ML-DSA-44,DPOP,dpop,compact,kapsam-pq,ML-DSA-44,5805,False,False
DPOP04_ML-DSA-65,DPOP,dpop,compact,tedavi-ML-DSA-65,ML-DSA-65,8128,False,False
DPOP05_ML-DSA-87,DPOP,dpop,compact,kapsam-pq,ML-DSA-87,11023,True,False
DPOP06_ML-DSA-65-ES256,DPOP,dpop,compact,tedavi-composite,ML-DSA-65-ES256,8355,True,False
DPOP07_ML-DSA-65-Ed25519,DPOP,dpop,compact,kapsam-hibrit,ML-DSA-65-Ed25519,8292,True,False
DPOP08_ML-DSA-65_ath_nonce,DPOP,dpop,compact,tedavi-ML-DSA-65,ML-DSA-65,8244,True,False
DPOP09_ML-DSA-65-ES256_ath_nonce,DPOP,dpop,compact,tedavi-composite,ML-DSA-65-ES256,8472,True,False
DPOP10_jwk_ozel_anahtar_iceriyor,DPOP,dpop,compact,tedavi-ML-DSA-65,ML-DSA-65,8198,True,False
CRIT01_bilinmeyen_parametre,CRIT,sd-jwt-vc,sd-jwt-compact,tedavi-ML-DSA-65,ML-DSA-65,26530,True,True
CRIT03_kayitli_ad,CRIT,sd-jwt-vc,sd-jwt-compact,tedavi-ML-DSA-65,ML-DSA-65,26429,True,True
CRIT04_bos_dizi,CRIT,sd-jwt-vc,sd-jwt-compact,tedavi-ML-DSA-65,ML-DSA-65,26422,True,True
CRIT05_listelenen_parametre_yok,CRIT,sd-jwt-vc,sd-jwt-compact,tedavi-ML-DSA-65,ML-DSA-65,26432,True,True
CRIT02_korumasiz_crit,CRIT,sd-jwt-vc,sd-jwt-flattened,tedavi-ML-DSA-65,ML-DSA-65,26688,True,True
T1K_both_valid-ED25519,T,jws-cekirdek,general,kontrol-Ed25519,ES256;Ed25519,452,False,False
T2K_second_tampered-ED25519,T,jws-cekirdek,general,kontrol-Ed25519,ES256;Ed25519,452,False,False
T4K_plus_ML-DSA-65-ED25519,T,jws-cekirdek,general,kontrol-Ed25519,ES256;Ed25519;ML-DSA-65,4938,False,False
T5K_only_EdDSA-ED25519,T,jws-cekirdek,general,kontrol-Ed25519,Ed25519,298,False,False
T6_plus_composite-ED25519,T,jws-cekirdek,general,kontrol-Ed25519,ES256;Ed25519;ML-DSA-65-ES256,5041,False,False
VC09_GJ_ES256_EdDSA-ED25519,VC,sd-jwt-vc,sd-jwt-general,kontrol-Ed25519,ES256;Ed25519,4299,False,False
DPOP02_EdDSA-ED25519,DPOP,dpop,compact,kontrol-Ed25519,Ed25519,380,False,False
