target,ES256,EdDSA,Ed25519,ML-DSA-65,composite
COSE-001,1,0,0,0,0
COSE-014,1,0,0,0,0
COSE-034,1,1,0,0,0
COSE-035,1,1,1,0,0
COSE-036,1,1,1,1,0
JOSE-001,1,0,0,1,0
JOSE-002,1,0,0,0,0
JOSE-009,1,1,1,1,0
JOSE-031,1,1,1,0,0
JOSE-033,1,1,0,0,0
JOSE-034,1,0,0,0,0
JOSE-052,1,0,0,0,0
JOSE-055,1,1,0,0,0
JOSE-065,1,0,0,0,0
JOSE-070,1,1,0,0,0
JOSE-071,1,1,0,0,0
JOSE-083,1,1,0,0,0
JOSE-084,1,0,0,0,0
JOSE-087,1,0,0,0,0
JOSE-089,1,0,0,0,0
JOSE-091,1,0,0,0,0
JOSE-092,1,1,0,0,0
JOSE-102,1,1,1,1,0
SDJWT-001,1,0,0,0,0
SDJWT-002,0,0,0,0,0
SDJWT-004,1,0,0,0,0
SDJWT-010,1,1,0,0,0
SDJWT-015,1,1,1,1,0
SDJWT-018,1,1,1,1,0
SDJWT-021,0,0,0,0,0
SDJWT-025,1,1,0,0,0
