id,asp_n,z3_n,esit,z3_s,cegar
h|H0_tau_sonsuz_tum_f1_p0,1,1,EVET,0.046,0
h|H0_S1_f1_p0_tum,1,1,EVET,0.0049,0
h|H0_S1_f2_p0_tum,1,1,EVET,0.0434,0
h|H0_S1_f3_p0_tum,1,1,EVET,0.0035,0
h|H3_g1g5_f1_p0_S2,0,0,EVET,0.0435,0
h|H3_g1g5_f1_p0_k1,0,0,EVET,0.0129,1
h|H3_g1g5_f1_p0_S1,1,1,EVET,0.0534,0
h|H3_g1g5_f2_p0_S2,0,0,EVET,0.0089,0
h|H3_g1g5_f2_p0_k1,0,0,EVET,0.056,2
h|H3_g1g5_f2_p0_S1,1,1,EVET,0.0106,0
h|H3_g1g5_f3_p0_S2,1,1,EVET,0.0488,0
h|H3_g1g5_f3_p0_k1,1,1,EVET,0.0153,3
h|H3_g1g5_f3_p0_S1,1,1,EVET,0.0507,0
h|H3_g1g5_f1_p1_S2,0,0,EVET,0.006,0
h|H3_g1g5_f1_p1_k1,0,0,EVET,0.0565,1
h|H3_g1g5_f1_p1_S1,1,1,EVET,0.0077,0
h|H3_g1g5_f2_p1_S2,0,0,EVET,0.0432,0
h|H3_g1g5_f2_p1_k1,0,0,EVET,0.0114,1
h|H3_g1g5_f2_p1_S1,1,1,EVET,0.0422,0
h|H3_g1g5_f3_p1_S2,1,1,EVET,0.0092,0
h|H3_g1g5_f3_p1_k1,1,1,EVET,0.0207,3
h|H3_g1g5_f3_p1_S1,1,1,EVET,0.0067,0
h|H3_g1g5_f1_p2_S2,0,0,EVET,0.0067,0
h|H3_g1g5_f1_p2_k1,0,0,EVET,0.0098,1
h|H3_g1g5_f1_p2_S1,1,1,EVET,0.0069,0
h|H3_g1g5_f2_p2_S2,0,0,EVET,0.0054,0
h|H3_g1g5_f2_p2_k1,0,0,EVET,0.0112,2
h|H3_g1g5_f2_p2_S1,1,1,EVET,0.0062,0
h|H3_g1g5_f3_p2_S2,1,1,EVET,0.0072,0
h|H3_g1g5_f3_p2_k1,1,1,EVET,0.0159,3
h|H3_g1g5_f3_p2_S1,1,1,EVET,0.006,0
h|H3_g1g5_f1_p3_S2,0,0,EVET,0.0103,0
h|H3_g1g5_f1_p3_k1,0,0,EVET,0.0229,3
h|H3_g1g5_f1_p3_S1,1,1,EVET,0.0125,0
h|H3_g1g5_f2_p3_S2,0,0,EVET,0.0108,0
h|H3_g1g5_f2_p3_k1,0,0,EVET,0.0191,3
h|H3_g1g5_f2_p3_S1,1,1,EVET,0.0119,0
h|H3_g1g5_f3_p3_S2,1,1,EVET,0.0133,0
h|H3_g1g5_f3_p3_k1,1,1,EVET,0.024,3
h|H3_g1g5_f3_p3_S1,1,1,EVET,0.0126,0
h|H3_g1g5_f1_p4_S2,2,2,EVET,0.0253,0
h|H3_g1g5_f1_p4_k1,2,2,EVET,0.0405,4
h|H3_g1g5_f1_p4_S1,1,1,EVET,0.0115,0
h|H3_g1g5_f2_p4_S2,2,2,EVET,0.0396,0
h|H3_g1g5_f2_p4_k1,2,2,EVET,0.0301,4
h|H3_g1g5_f2_p4_S1,1,1,EVET,0.0099,0
h|H3_g1g5_f3_p4_S2,1,1,EVET,0.0175,0
h|H3_g1g5_f3_p4_k1,1,1,EVET,0.0279,3
h|H3_g1g5_f3_p4_S1,1,1,EVET,0.0124,0
h|H3_g4_Mb0_faz0_f1_p4,0,0,EVET,0.0022,0
h|H3_g4_Mb0_faz1_f1_p4,1,1,EVET,0.0096,0
h|H3_g4_Mb0_faz0_f2_p4,0,0,EVET,0.0025,0
h|H3_g4_Mb0_faz1_f2_p4,1,1,EVET,0.0062,0
h|H3_g4_Mb0_faz0_f3_p4,0,0,EVET,0.0023,0
h|H3_g4_Mb0_faz1_f3_p4,1,1,EVET,0.0053,0
h|H5_yok_86400_hizli,1,1,EVET,0.0044,0
h|H5_yok_86400_orta,1,1,EVET,0.0046,0
h|H5_yok_86400_yavas,1,1,EVET,0.0045,0
h|H5_yok_2592000_hizli,1,1,EVET,0.0053,0
h|H5_yok_2592000_orta,1,1,EVET,0.0046,0
h|H5_yok_2592000_yavas,1,1,EVET,0.0039,0
h|H5_cuzdan_86400_hizli,1,1,EVET,0.004,0
h|H5_cuzdan_86400_orta,1,1,EVET,0.004,0
h|H5_cuzdan_86400_yavas,1,1,EVET,0.0042,0
h|H5_cuzdan_2592000_hizli,1,1,EVET,0.0051,0
h|H5_cuzdan_2592000_orta,1,1,EVET,0.0061,0
h|H5_cuzdan_2592000_yavas,1,1,EVET,0.005,0
h|H5_dogrulayici_86400_hizli,1,1,EVET,0.0039,0
h|H5_dogrulayici_86400_orta,1,1,EVET,0.005,0
h|H5_dogrulayici_86400_yavas,1,1,EVET,0.0061,0
h|H5_dogrulayici_2592000_hizli,1,1,EVET,0.0051,0
h|H5_dogrulayici_2592000_orta,1,1,EVET,0.0052,0
h|H5_dogrulayici_2592000_yavas,1,1,EVET,0.0037,0
h|H5_kuresel_pasif_86400_hizli,1,1,EVET,0.0039,0
h|H5_kuresel_pasif_86400_orta,1,1,EVET,0.0043,0
h|H5_kuresel_pasif_86400_yavas,1,1,EVET,0.0044,0
h|H5_kuresel_pasif_2592000_hizli,1,1,EVET,0.0047,0
h|H5_kuresel_pasif_2592000_orta,1,1,EVET,0.0049,0
h|H5_kuresel_pasif_2592000_yavas,1,1,EVET,0.0045,0
h|R6_reuse_gunluk_hizli,1,1,EVET,0.0044,0
h|R6_ihracci_reuse_gunluk_hizli,1,1,EVET,0.0053,0
h|R6_reuse_gunluk_orta,1,1,EVET,0.0045,0
h|R6_ihracci_reuse_gunluk_orta,1,1,EVET,0.0043,0
h|R6_reuse_gunluk_yavas,1,1,EVET,0.0043,0
h|R6_ihracci_reuse_gunluk_yavas,1,1,EVET,0.0035,0
h|R6_reuse_gecici_hizli,1,1,EVET,0.0035,0
h|R6_ihracci_reuse_gecici_hizli,1,1,EVET,0.0047,0
h|R6_reuse_gecici_orta,1,1,EVET,0.0042,0
h|R6_ihracci_reuse_gecici_orta,1,1,EVET,0.0048,0
h|R6_reuse_gecici_yavas,1,1,EVET,0.0045,0
h|R6_ihracci_reuse_gecici_yavas,1,1,EVET,0.0048,0
h|MH_altCA_cab_yok_aa_yok_f1,0,0,EVET,0.0045,0
h|MH_altCA_cab_yok_aa_yok_f2,0,0,EVET,0.0041,0
h|MH_altCA_cab_yok_aa_var_f1,0,0,EVET,0.0041,0
h|MH_altCA_cab_yok_aa_var_f2,0,0,EVET,0.0049,0
h|MH_altCA_cab_ad_aa_yok_f1,3,3,EVET,0.0468,0
h|MH_altCA_cab_ad_aa_yok_f2,3,3,EVET,0.0178,0
h|MH_altCA_cab_ad_aa_var_f1,0,0,EVET,0.0043,0
h|MH_altCA_cab_ad_aa_var_f2,0,0,EVET,0.0051,0
h|MH_altCA_cab_anahtar_aa_yok_f1,3,3,EVET,0.0318,0
h|MH_altCA_cab_anahtar_aa_yok_f2,3,3,EVET,0.0216,0
h|MH_altCA_cab_anahtar_aa_var_f1,3,3,EVET,0.0345,0
h|MH_altCA_cab_anahtar_aa_var_f2,3,3,EVET,0.0218,0
h|MH_jvi_webpkipq_f1,4,4,EVET,0.0422,0
h|MH_jvi_webpkipq_f2,4,4,EVET,0.0358,0
h|MG_ilk_temas_qday_oncesi_f2_g1,5,5,EVET,0.0311,0
h|MG_ilk_temas_qday_oncesi_f2_g4,1,1,EVET,0.0076,0
h|MG_ilk_temas_qday_sonrasi_f2_g1,3,3,EVET,0.019,0
h|MG_ilk_temas_qday_sonrasi_f2_g4,0,0,EVET,0.0025,0
h|MD_g1_f1_p4,128,128,EVET,1.2364,0
h|MA_g1_f1_p4,2,2,EVET,0.0173,0
h|MD_g1_f2_p4,4,4,EVET,0.0298,0
h|MA_g1_f2_p4,2,2,EVET,0.015,0
h|MD_g1_f3_p4,1,1,EVET,0.0104,0
h|MA_g1_f3_p4,1,1,EVET,0.0072,0
