kural,varyant,rol,bayraklar,hedef,tamarin,sistem_asp,z3,py,uyum,uclu_esit,naif_sistem,eski_datalog_class
R1,P_all_pq,korumali,ROOT_PQ+CA_PQ+ISS_PQ,g1,verified,verified,verified,verified,EVET,EVET,verified,verified
R1,M_root,mutant:kok_anahtari_PQ,CA_PQ+ISS_PQ,g1,falsified,falsified,falsified,falsified,EVET,EVET,falsified,falsified
R1,M_ca,mutant:CA_anahtari_PQ,ROOT_PQ+ISS_PQ,g1,falsified,falsified,falsified,falsified,EVET,EVET,falsified,falsified
R1,M_iss,mutant:ihracci_imzasi_PQ,ROOT_PQ+CA_PQ,g1,falsified,falsified,falsified,falsified,EVET,EVET,falsified,falsified
R1,E_iss_only,ek,ISS_PQ,g1,falsified,falsified,falsified,falsified,EVET,EVET,falsified,falsified
R1,E_ca_only,ek,CA_PQ,g1,falsified,falsified,falsified,falsified,EVET,EVET,falsified,falsified
R1,E_root_only,ek,ROOT_PQ,g1,falsified,falsified,falsified,falsified,EVET,EVET,falsified,falsified
R1,E_none,ek,-,g1,falsified,falsified,falsified,falsified,EVET,EVET,falsified,falsified
R1,X_alt_ca,ek-sinir,ROOT_PQ+CA_PQ+ISS_PQ+ALT_CA,g1,falsified,falsified,falsified,falsified,EVET,EVET,verified,falsified
R1,X_alt_ca_namebind,ek-sinir,ROOT_PQ+CA_PQ+ISS_PQ+ALT_CA+NAME_BIND,g1,verified,verified,verified,verified,EVET,EVET,verified,verified
R2,P_expect_auth,korumali,EXPECT_AUTH,g1,verified,verified,verified,verified,EVET,EVET,,verified
R2,P_expect_auth,korumali,EXPECT_AUTH,g5,verified,verified,verified,verified,EVET,EVET,,verified
R2,M_expect_unauth,mutant:beklentinin_kimlik_dogrulamasi,EXPECT_UNAUTH,g1,falsified,falsified,falsified,falsified,EVET,EVET,,falsified
R2,M_expect_unauth,mutant:beklentinin_kimlik_dogrulamasi,EXPECT_UNAUTH,g5,falsified,falsified,falsified,falsified,EVET,EVET,,falsified
R2,M_expect_absent,mutant:beklenti,-,g1,falsified,falsified,falsified,falsified,EVET,EVET,,falsified
R2,M_expect_absent,mutant:beklenti,-,g5,falsified,falsified,falsified,falsified,EVET,EVET,,falsified
R2,E_nocoexist_auth,ek,NO_COEXIST+EXPECT_AUTH,g1,verified,verified,verified,verified,EVET,EVET,,verified
R2,E_nocoexist_auth,ek,NO_COEXIST+EXPECT_AUTH,g5,verified,verified,verified,verified,EVET,EVET,,verified
R2,E_nocoexist_unauth,ek,NO_COEXIST+EXPECT_UNAUTH,g1,verified,verified,verified,verified,EVET,EVET,,verified
R2,E_nocoexist_unauth,ek,NO_COEXIST+EXPECT_UNAUTH,g5,verified,verified,verified,verified,EVET,EVET,,verified
R2,E_nocoexist_none,ek,NO_COEXIST,g1,verified,verified,verified,verified,EVET,EVET,,verified
R2,E_nocoexist_none,ek,NO_COEXIST,g5,verified,verified,verified,verified,EVET,EVET,,verified
R3,P_obj_pq,korumali,CHAN_PQ,g1,verified,verified,verified,verified,EVET,EVET,,verified
R3,P_obj_pq,korumali,CHAN_PQ,g5,verified,verified,verified,verified,EVET,EVET,,verified
R3,P_tls_pq,korumali,CHAN_PQ+VIA_TLS,g1,verified,verified,verified,verified,EVET,EVET,,verified
R3,P_tls_pq,korumali,CHAN_PQ+VIA_TLS,g5,verified,verified,verified,verified,EVET,EVET,,verified
R3,M_obj_classical,mutant:PQ_kanal_nesne_imzasi,-,g1,falsified,falsified,falsified,falsified,EVET,EVET,,falsified
R3,M_obj_classical,mutant:PQ_kanal_nesne_imzasi,-,g5,falsified,falsified,falsified,falsified,EVET,EVET,,falsified
R3,M_tls_classical,mutant:PQ_kanal_tasima,VIA_TLS,g1,falsified,falsified,falsified,falsified,EVET,EVET,,falsified
R3,M_tls_classical,mutant:PQ_kanal_tasima,VIA_TLS,g5,falsified,falsified,falsified,falsified,EVET,EVET,,falsified
R4,P_dev_iss_pq,korumali,DEV_PQ+ISS_PQ,g2,verified,verified,verified,verified,EVET,EVET,,verified
R4,M_dev,mutant:PQ_cihaz_anahtari,ISS_PQ,g2,falsified,falsified,falsified,falsified,EVET,EVET,,falsified
R4,M_iss,mutant:PQ_ihracci_imzasi,DEV_PQ,g2,falsified,falsified,falsified,falsified,EVET,EVET,,falsified
R4,E_none,ek,-,g2,falsified,falsified,falsified,falsified,EVET,EVET,,falsified
R4,H5_single_use_dev_classical,ek-h5,ISS_PQ+SINGLE_USE,g2,falsified,falsified,falsified,falsified,EVET,EVET,,falsified
R4,H5_single_use_protected,ek-h5,DEV_PQ+ISS_PQ+SINGLE_USE,g2,verified,verified,verified,verified,EVET,EVET,,verified
R5,P_pin_tlpq,korumali,PIN_TL+TL_PQ,g1,verified,verified,verified,verified,EVET,EVET,,verified
R5,M_pin,mutant:sabitleme,TL_PQ,g1,falsified,falsified,falsified,falsified,EVET,EVET,,falsified
R5,M_tl,mutant:capa_anahtari_PQ,PIN_TL,g1,falsified,falsified,falsified,falsified,EVET,EVET,,falsified
R5,E_none,ek,-,g1,falsified,falsified,falsified,falsified,EVET,EVET,,falsified
R5,E_lotlpq,ek,LOTL_PQ,g1,falsified,falsified,falsified,falsified,EVET,EVET,,falsified
R5,E_lotlpq_tlpq,ek,LOTL_PQ+TL_PQ,g1,verified,verified,verified,verified,EVET,EVET,,verified
R5,E_pin_lotlpq,ek,PIN_TL+LOTL_PQ,g1,falsified,falsified,falsified,falsified,EVET,EVET,,falsified
R5,E_all_pq_pin,ek,PIN_TL+TL_PQ+LOTL_PQ,g1,verified,verified,verified,verified,EVET,EVET,,verified
