satir_id	gorev	hedef	tur	hucre_id	lemma	dosya	anahtarlar	kenarlar	tasiyicilar
CERCEVE-000588	kapi	G1	asgari	birincil|g1|f3|yavas|sabit|p3	G1_claims_unforgeability	ornekler/CERCEVE-000588.spthy	a01_lotl:kl+sabit a02_lote_pid:pq+sabit a02_tl:pq+sabit a03_ca:pq a04_ihr:pq a07_kimlik:pq	a01_lotl>a02_tl a02_lote_pid>a03_ca a02_tl>a03_ca a03_ca>a04_ihr a04_ihr>a07_kimlik	-
CERCEVE-000046	kapi	G1	bir-eksik	birincil|g1|f1|hizli|sabit|p4	G1_claims_unforgeability	ornekler/CERCEVE-000046.spthy	a01_lotl:pq+alt+sabit a02_lote_pid:pq+alt+sabit a02_tl:pq+alt+sabit a03_ca:pq+alt a04_ihr:pq+alt a07_kimlik:kl	a01_lotl>a02_tl a02_lote_pid>a03_ca a02_tl>a03_ca a03_ca>a04_ihr a04_ihr>a07_kimlik	a00_ojeu>a01_lotl a00_ojeu>a02_lote_pid a01_lotl>a02_tl a02_lote_pid>a03_ca a02_lote_pid>a04_ihr a02_lote_pid>a07_kimlik
CERCEVE-001695	kapi	G2	asgari	birincil|g2|f3|orta|onbellek|p2	G2_presentation_unforgeability	ornekler/CERCEVE-001695.spthy	a01_lotl:pq+sabit a02_lote_pid:pq+sabit a02_tl:pq a03_ca:pq a04_ihr:pq a07_kimlik:pq a10_kbjwt:pq	a01_lotl>a02_tl a02_lote_pid>a03_ca a02_tl>a03_ca a03_ca>a04_ihr a04_ihr>a07_kimlik a07_kimlik>a10_kbjwt	-
CERCEVE-001103	kapi	G2	bir-eksik	birincil|g2|f1|yavas|sabit|p4	G2_presentation_unforgeability	ornekler/CERCEVE-001103.spthy	a01_lotl:pq+alt+sabit a02_lote_pid:pq+alt+sabit a02_tl:pq+alt+sabit a03_ca:pq+alt a04_ihr:pq+alt a07_kimlik:pq+alt a10_kbjwt:pq+alt	a01_lotl>a02_tl a02_lote_pid>a03_ca a02_tl>a03_ca a03_ca>a04_ihr a04_ihr>a07_kimlik a07_kimlik>a10_kbjwt	a00_ojeu>a01_lotl a00_ojeu>a02_lote_pid a02_lote_pid>a03_ca a02_lote_pid>a04_ihr a02_lote_pid>a07_kimlik a02_lote_pid>a10_kbjwt
CERCEVE-002105	kapi	G3	asgari	birincil|g3|f2|orta|taze|p4	G3_status_soundness	ornekler/CERCEVE-002105.spthy	a01_lotl:pq+sabit a02_lote_pid:pq+sabit a02_tl:pq a03_ca:pq a04_ihr:pq a08_durum:pq+alt	a01_lotl>a02_tl a02_lote_pid>a03_ca a02_tl>a03_ca a03_ca>a04_ihr a04_ihr>a08_durum	a02_lote_pid>a08_durum
CERCEVE-002239	kapi	G3	bir-eksik	birincil|g3|f3|hizli|sabit|p4	G3_status_soundness	ornekler/CERCEVE-002239.spthy	a01_lotl:kl+sabit a02_lote_pid:kl+sabit a02_tl:kl+sabit a03_ca:pq a04_ihr:pq a08_durum:pq	a01_lotl>a02_tl a02_lote_pid>a03_ca a02_tl>a03_ca a03_ca>a04_ihr a04_ihr>a08_durum	-
CERCEVE-001666	kapi	G2	bir-eksik	birincil|g2|f3|orta|sabit|p2	G2_presentation_unforgeability	ornekler/CERCEVE-001666.spthy	a01_lotl:kl+sabit a02_lote_pid:pq+sabit a02_tl:pq+sabit a03_ca:pq a04_ihr:kl a07_kimlik:pq a10_kbjwt:pq	a01_lotl>a02_tl a02_lote_pid>a03_ca a02_tl>a03_ca a03_ca>a04_ihr a04_ihr>a07_kimlik a07_kimlik>a10_kbjwt	-
CERCEVE-002338	kapi	G3	bir-eksik	birincil|g3|f3|orta|onbellek|p1	G3_status_soundness	ornekler/CERCEVE-002338.spthy	a01_lotl:pq+sabit a02_lote_pid:pq+sabit a02_tl:pq a03_ca:pq a04_ihr:kl a08_durum:pq	a01_lotl>a02_tl a02_lote_pid>a03_ca a02_tl>a03_ca a03_ca>a04_ihr a04_ihr>a08_durum	-
CERCEVE-001715	kapi	G2	bir-eksik	birincil|g2|f3|orta|onbellek|p4	G2_presentation_unforgeability	ornekler/CERCEVE-001715.spthy	a01_lotl:pq+sabit a02_lote_pid:pq+sabit a02_tl:pq a03_ca:pq a04_ihr:pq a07_kimlik:pq a10_kbjwt:kl	a01_lotl>a02_tl a02_lote_pid>a03_ca a02_tl>a03_ca a03_ca>a04_ihr a04_ihr>a07_kimlik a07_kimlik>a10_kbjwt	-
CERCEVE-000317	kapi	G1	bir-eksik	birincil|g1|f2|orta|onbellek|p4	G1_claims_unforgeability	ornekler/CERCEVE-000317.spthy	a01_lotl:pq+sabit a02_lote_pid:pq+sabit a02_tl:pq a03_ca:pq a04_ihr:pq a05_meta:pq+alt a07_kimlik:kl	a01_lotl>a02_tl a02_lote_pid>a03_ca a02_tl>a03_ca a03_ca>a04_ihr a04_ihr>a05_meta a04_ihr>a07_kimlik	a02_lote_pid>a05_meta a05_meta>a07_kimlik
KESIF_2X2-002862	kesif	G2	birincil-kume	cab|ad|var|g2|f2|orta|onbellek|p4	G2_presentation_unforgeability	ornekler/KESIF_2X2-002862.spthy	a01_lotl:pq+sabit a02_lote_pid:pq+sabit a02_tl:pq a03_ca:pq a03_diger:kl a04_diger:kl a04_ihr:pq a07_kimlik:pq+alt a10_kbjwt:pq+alt	a01_lotl>a02_tl a02_lote_pid>a03_ca a02_tl>a03_ca a02_lote_pid>a03_diger a02_tl>a03_diger a03_diger>a04_diger a03_ca>a04_ihr a04_diger>a07_kimlik a04_ihr>a07_kimlik a07_kimlik>a10_kbjwt	a02_lote_pid>a07_kimlik a02_lote_pid>a10_kbjwt
