target,form,second_attempt,api_hook_found,line_reference,rule_satisfied,note,outcome,custom_code_lines,decision
SDJWT-018,L4c,expressible,1,"openwallet-foundation-labs/sd-jwt-python@cf27b5b89aba03fd676a51aec4737f5f46d4105d src/sd_jwt/verifier.py L22-34, L52-63",0,"Hook: documented key-resolution callback cb_get_issuer_key(issuer, header_parameters); a per-issuer alg check in the callback (8 caller lines, no own verification loop) gives migrated ES256 reject, migrated EdDSA accept, legacy ES256 accept; supplementary L4m also reached; no native alg option; B4 if callback code is not counted",custom-code,8,"D8: the policy exists only as caller code in the documented key callback; the library enforces no algorithm policy, so the level is not raised (pre-registration 5.13) and Y = 0 with B4"
COSE-014,L4m,expressible,1,"erdtman/cose-js@421bcaa5dded58890d00243c91b9f7155a613458 lib/sign.js L188-195, L241-269",0,"X=ES384; verify(msg, {key: X key with kid}) checks exactly the designated signer: T1 accept, T2 reject, T3 reject, T5 accept for R={X}; L4c supplement not expressible (lib/sign.js L208-222, L270-283), so the rule would hold if the assigned form is L4c",expressible,,"D8: the library selects the signer by the kid of the verifier key, which expresses L4 for R = {X}; the adapter was corrected before the freeze and the target is measured"
COSE-034,L4m,not-expressible,0,veraison/go-cose@e5c68f97dfbb7dc2677e891ceea9a8eafe42ddb4 sign.go L433-475,1,X=EdDSA; SignMessage.Verify needs one alg-bound verifier per signature in order and all must verify; no static configuration gives T1/T5 accept and T3 reject; own loop with Signature.Verify (B4 25 lines); L4c supplement reachable only by leaving the migrated ES256 key out of its record,not-expressible,,D8: evidence rule satisfied
COSE-001,L4c,not-expressible,0,"a-sit-plus/signum@84f24c5b99829874482cb6940a54304b4b590178 indispensable-cosef/src/commonMain/kotlin/at/asitplus/signum/indispensable/cosef/CoseSigned.kt L19-48, L88-133",1,X=ES384; COSE_Sign1 data types with no verification API; decisions only with caller-assembled verification plus policy (B4 17 lines),not-expressible,,D8: evidence rule satisfied
SDJWT-001,L4c,expressible,1,"a-sit-plus/vck@a3e66b1a4e80b3053b6921bb4dae3d704dc022bf vck/src/commonMain/kotlin/at/asitplus/wallet/lib/jws/JwsService.kt L485-491, L502-507, L652-696",0,X=ES384; hooks: PublicJsonWebKeyLookup and VerifyJwsSignatureFun parameters of VerifyJwsObject (used by ValidatorSdJwt) receive the parsed JWS; a per-issuer alg check (8 caller lines) gives the three L4c decisions in one validator instance; no native alg option; B4 if callback code is not counted,custom-code,8,"D8: the policy exists only as caller code in the documented verification callbacks; the library enforces no algorithm policy, so the level is not raised (pre-registration 5.13) and Y = 0 with B4"
JOSE-089,L4m,not-expressible,0,"nov/json-jwt@5fc6faed950f9dff9fd41ca663cf35ef12f46575 lib/json/jose.rb L24-33, L59-67; lib/json/jws.rb L21-32",1,"X=ES384; only a per-call algorithms allow-list (L2), key sets select by kid only, no callback; one configuration cannot serve both issuers; caller-routed consecutive configurations reach the decisions ('L4c (consecutive)', contract 5.3): if that variant counts, the rule is not satisfied",not-expressible,,"D8: the form follows the pre-registered rule, L4m, because the library accepts General JSON objects with several signatures; it verifies only the first signature and offers no multi-signature rule, so both attempts agree and the evidence rule is satisfied"
SDJWT-025,L4c,not-expressible,0,spruceid/ssi@16cd58715aa209f3151560ad59bd6ac65b90fa89 crates/jwk/src/resolver.rs L9-21; crates/claims/crates/jws/src/verification.rs L102-122; crates/claims/crates/sd-jwt/src/lib.rs L726,1,"X=EdDSA; JWKResolver receives only the key id; JWK alg binding is per key (L3); ValidateJwsHeader fixed for SD-JWT payloads; decisions only by withholding the classical key (not counted, contract 5.3) or own code after verification (B4 15 lines)",not-expressible,,D8: evidence rule satisfied
COSE-035,L4m,not-expressible,0,web-auth/cose-lib@8849e8bf043a2d42d0bec5bda5db2469ad376148 src/Algorithm/Signature/Signature.php L11-34; src/Algorithm/Manager.php L97-109; src/Signature/CoseSignature.php L71-89; README.md L133-137; doc/Usage.md L368-386,1,"X=EdDSA; no message-level verify; the documented COSE_Sign path is a caller loop over Signature::verify (all-present-valid); Manager is one algorithm set; key alg/key_ops restriction is per key (L3); own loop with R check (B4 23 lines); L4c supplement only by relabelling or withholding the ES256 key, or a per-issuer Manager chosen by the caller (14 lines)",not-expressible,,D9: evidence rule satisfied (second attempt added after the adapter conformance review)
COSE-036,L4m,not-expressible,0,"wolfssl/wolfcose@f907071b10127f3ae2dd7719749a91b039ff04a1 include/wolfcose/wolfcose.h L1584-1615; src/wolfcose_sign.c L964-975, L1029-1036; docs/Message-Types.md L63-71",1,"X=EdDSA; build with WOLFCOSE_ENABLE_DEPRECATED_ALGS (D3); wc_CoseSign_Verify verifies one caller-chosen signer index with one key and skips the others; no signer count, required set or callback; key alg pin is per key (L3); own loop (B4 20 lines); L4c supplement only by relabelling (pin -8) or leaving out the migrated ES256 key, own code 16 lines",not-expressible,,D9: evidence rule satisfied (second attempt added after the adapter conformance review)
