satir_id	hucre_id	tur	neden
CERCEVE-000066	birincil|g1|f1|hizli|onbellek|p4	bir-eksik	CERCEVE-000066: taşıyıcı hedefi a05_meta imzalı artefakt değil
CERCEVE-000091	birincil|g1|f1|orta|taze|p4	bir-eksik	CERCEVE-000091: imzasız varyant (a05_meta) desteklenmiyor
CERCEVE-000196	birincil|g1|f1|yavas|sabit|p4	bir-eksik	CERCEVE-000196: taşıyıcı hedefi a05_meta imzalı artefakt değil
CERCEVE-000319	birincil|g1|f2|orta|onbellek|p4	bir-eksik	CERCEVE-000319: taşıyıcı hedefi a05_meta imzalı artefakt değil
CERCEVE-000365	birincil|g1|f2|yavas|onbellek|p4	bir-eksik	CERCEVE-000365: taşıyıcı hedefi a05_meta imzalı artefakt değil
CERCEVE-000773	birincil|g2|f1|hizli|onbellek|p4	bir-eksik	CERCEVE-000773: imzasız varyant (a05_meta) desteklenmiyor
CERCEVE-001257	birincil|g2|f2|hizli|onbellek|p4	bir-eksik	CERCEVE-001257: imzasız varyant (a05_meta) desteklenmiyor
CERCEVE-001235	birincil|g2|f2|hizli|sabit|p4	bir-eksik	CERCEVE-001235: imzasız varyant (a05_meta) desteklenmiyor
CERCEVE-001478	birincil|g2|f2|yavas|onbellek|p4	bir-eksik	CERCEVE-001478: imzasız varyant (a05_meta) desteklenmiyor
CERCEVE-001461	birincil|g2|f2|yavas|sabit|p4	bir-eksik	CERCEVE-001461: imzasız varyant (a05_meta) desteklenmiyor
CERCEVE-002133	birincil|g3|f2|orta|onbellek|p4	bir-eksik	CERCEVE-002133: imzasız varyant (a05_meta) desteklenmiyor
CERCEVE-000943	birincil|g2|f1|orta|onbellek|p4	bir-eksik	CERCEVE-000943: taşıyıcı hedefi a05_meta imzalı artefakt değil
CERCEVE-001263	birincil|g2|f2|hizli|onbellek|p4	bir-eksik	CERCEVE-001263: imzasız varyant (a05_meta) desteklenmiyor
