satir_id,lemma,kirilan_anahtarlar,iz_protokol_kurallari
CERCEVE-000048,G1_claims_unforgeability,'a02_lote_pid_alt' 'a04_ihr_alt',AccIntro_a02_lote_pid__a03_ca AccIntro_a03_ca__a04_ihr_main AccIntro_a04_ihr__a07_kimlik_alt Accept_Credential_alt Break_a02_lote_pid_alt Break_a04_ihr_alt ExpAcc_a02_lote_pid__a04_ihr ExpAcc_a02_lote_pid__a07_kimlik Intro_a02_lote_pid__a03_ca Intro_a03_ca__a04_ihr Qday Setup_a02_lote_pid Setup_a03_ca Setup_a04_ihr
CERCEVE-000023,G1_claims_unforgeability,'a02_tl_alt',AccIntro_a01_lotl__a02_tl_main AccIntro_a02_tl__a03_ca AccIntro_a03_ca__a04_ihr_main AccIntro_a04_ihr__a07_kimlik_main Accept_Credential_main Break_a02_tl_alt Intro_a01_lotl__a02_tl Qday Setup_a01_lotl Setup_a02_tl
CERCEVE-000150,G1_claims_unforgeability,'a07_kimlik_main',AccIntro_a02_lote_pid__a03_ca_main AccIntro_a03_ca__a04_ihr_main AccIntro_a04_ihr__a07_kimlik_main Accept_Credential_main Break_a07_kimlik_main Intro_a02_lote_pid__a03_ca Intro_a03_ca__a04_ihr Intro_a04_ihr__a07_kimlik Qday Setup_a02_lote_pid Setup_a03_ca Setup_a04_ihr Setup_a07_kimlik
CERCEVE-000129,G1_claims_unforgeability,'a02_tl_alt' 'a04_ihr_alt',AccIntro_a02_lote_pid__a03_ca_main AccIntro_a03_ca__a04_ihr_main AccIntro_a04_ihr__a07_kimlik Accept_Credential_main Break_a02_tl_alt Break_a04_ihr_alt Intro_a01_lotl__a02_tl Intro_a02_lote_pid__a03_ca Intro_a03_ca__a04_ihr Qday Setup_a01_lotl Setup_a02_lote_pid Setup_a02_tl Setup_a03_ca Setup_a04_ihr
CERCEVE-000212,G1_claims_unforgeability,'a02_tl_alt' 'a03_ca_main',AccIntro_a02_lote_pid__a03_ca_main AccIntro_a03_ca__a04_ihr_main AccIntro_a04_ihr__a07_kimlik_main Accept_Credential_main Break_a02_tl_alt Break_a03_ca_main Intro_a01_lotl__a02_tl Intro_a02_lote_pid__a03_ca Qday Setup_a01_lotl Setup_a02_lote_pid Setup_a02_tl Setup_a03_ca
CERCEVE-000173,G1_claims_unforgeability,'a02_lote_pid_main' 'a04_ihr_alt',AccIntro_a02_lote_pid__a03_ca_main AccIntro_a03_ca__a04_ihr_main AccIntro_a04_ihr__a07_kimlik_alt Accept_Credential_alt Break_a02_lote_pid_main Break_a04_ihr_alt ExpAcc_a02_lote_pid__a04_ihr_main ExpAcc_a02_lote_pid__a07_kimlik_main Intro_a02_lote_pid__a03_ca Intro_a03_ca__a04_ihr Qday Setup_a02_lote_pid Setup_a03_ca Setup_a04_ihr
CERCEVE-000268,G1_claims_unforgeability,'a03_ca_main',AccIntro_a02_lote_pid__a03_ca AccIntro_a03_ca__a04_ihr AccIntro_a04_ihr__a07_kimlik Accept_Credential_main Break_a03_ca_main Intro_a02_lote_pid__a03_ca Qday Setup_a02_lote_pid Setup_a03_ca
CERCEVE-000239,G1_claims_unforgeability,'a04_ihr_main',AccIntro_a02_lote_pid__a03_ca AccIntro_a03_ca__a04_ihr AccIntro_a04_ihr__a07_kimlik Accept_Credential_main Break_a04_ihr_main Intro_a02_lote_pid__a03_ca Intro_a03_ca__a04_ihr Qday Setup_a02_lote_pid Setup_a03_ca Setup_a04_ihr
CERCEVE-000291,G1_claims_unforgeability,'a01_lotl_main' 'a07_kimlik_alt',AccIntro_a01_lotl__a02_tl AccIntro_a02_tl__a03_ca AccIntro_a03_ca__a04_ihr AccIntro_a04_ihr__a07_kimlik Accept_Credential_main Break_a01_lotl_main Break_a07_kimlik_alt Intro_a04_ihr__a07_kimlik Qday Setup_a01_lotl Setup_a04_ihr Setup_a07_kimlik
CERCEVE-000342,G1_claims_unforgeability,'a07_kimlik_alt',AccIntro_a02_lote_pid__a03_ca AccIntro_a03_ca__a04_ihr AccIntro_a04_ihr__a07_kimlik Accept_Credential Break_a07_kimlik_alt Intro_a02_lote_pid__a03_ca Intro_a03_ca__a04_ihr Intro_a04_ihr__a07_kimlik Qday Setup_a02_lote_pid Setup_a03_ca Setup_a04_ihr Setup_a07_kimlik
CERCEVE-000429,G1_claims_unforgeability,'a01_lotl_main',AccIntro_a01_lotl__a02_tl AccIntro_a02_tl__a03_ca AccIntro_a03_ca__a04_ihr AccIntro_a04_ihr__a07_kimlik Accept_Credential Break_a01_lotl_main Qday Setup_a01_lotl
CERCEVE-000438,G1_claims_unforgeability,'a04_ihr_main',AccIntro_a02_lote_pid__a03_ca AccIntro_a03_ca__a04_ihr AccIntro_a04_ihr__a07_kimlik Accept_Credential Break_a04_ihr_main Intro_a02_lote_pid__a03_ca Intro_a03_ca__a04_ihr Qday Setup_a02_lote_pid Setup_a03_ca Setup_a04_ihr
CERCEVE-000443,G1_claims_unforgeability,'a03_ca_main',AccIntro_a02_lote_pid__a03_ca AccIntro_a03_ca__a04_ihr AccIntro_a04_ihr__a07_kimlik Accept_Credential Break_a03_ca_main Intro_a02_lote_pid__a03_ca Qday Setup_a02_lote_pid Setup_a03_ca
CERCEVE-000449,G1_claims_unforgeability,'a03_ca_main',AccIntro_a02_lote_pid__a03_ca AccIntro_a03_ca__a04_ihr AccIntro_a04_ihr__a07_kimlik Accept_Credential Break_a03_ca_main Intro_a02_lote_pid__a03_ca Qday Setup_a02_lote_pid Setup_a03_ca
CERCEVE-000457,G1_claims_unforgeability,'a07_kimlik_main',AccIntro_a02_lote_pid__a03_ca AccIntro_a03_ca__a04_ihr AccIntro_a04_ihr__a07_kimlik Accept_Credential Break_a07_kimlik_main Intro_a02_lote_pid__a03_ca Intro_a03_ca__a04_ihr Intro_a04_ihr__a07_kimlik Qday Setup_a02_lote_pid Setup_a03_ca Setup_a04_ihr Setup_a07_kimlik
CERCEVE-000404,G1_claims_unforgeability,'a02_lote_pid_main' 'a02_tl_main',AccIntro_a02_lote_pid__a03_ca AccIntro_a03_ca__a04_ihr AccIntro_a04_ihr__a07_kimlik Accept_Credential Break_a02_lote_pid_main Break_a02_tl_main Intro_a01_lotl__a02_tl Qday Setup_a01_lotl Setup_a02_lote_pid Setup_a02_tl
CERCEVE-000409,G1_claims_unforgeability,'a02_lote_pid_main' 'a02_tl_main',AccIntro_a02_lote_pid__a03_ca AccIntro_a03_ca__a04_ihr AccIntro_a04_ihr__a07_kimlik Accept_Credential Break_a02_lote_pid_main Break_a02_tl_main Intro_a01_lotl__a02_tl Qday Setup_a01_lotl Setup_a02_lote_pid Setup_a02_tl
CERCEVE-000416,G1_claims_unforgeability,'a04_ihr_main',AccIntro_a02_lote_pid__a03_ca AccIntro_a03_ca__a04_ihr AccIntro_a04_ihr__a07_kimlik Accept_Credential Break_a04_ihr_main Intro_a02_lote_pid__a03_ca Intro_a03_ca__a04_ihr Qday Setup_a02_lote_pid Setup_a03_ca Setup_a04_ihr
CERCEVE-000427,G1_claims_unforgeability,'a07_kimlik_main',AccIntro_a02_lote_pid__a03_ca AccIntro_a03_ca__a04_ihr AccIntro_a04_ihr__a07_kimlik Accept_Credential Break_a07_kimlik_main Intro_a02_lote_pid__a03_ca Intro_a03_ca__a04_ihr Intro_a04_ihr__a07_kimlik Qday Setup_a02_lote_pid Setup_a03_ca Setup_a04_ihr Setup_a07_kimlik
CERCEVE-000376,G1_claims_unforgeability,'a03_ca_main',AccIntro_a02_lote_pid__a03_ca AccIntro_a03_ca__a04_ihr AccIntro_a04_ihr__a07_kimlik Accept_Credential Break_a03_ca_main Intro_a02_lote_pid__a03_ca Qday Setup_a02_lote_pid Setup_a03_ca
CERCEVE-000380,G1_claims_unforgeability,'a01_lotl_main',AccIntro_a01_lotl__a02_tl AccIntro_a02_tl__a03_ca AccIntro_a03_ca__a04_ihr AccIntro_a04_ihr__a07_kimlik Accept_Credential Break_a01_lotl_main Qday Setup_a01_lotl
CERCEVE-000392,G1_claims_unforgeability,'a01_lotl_main',AccIntro_a01_lotl__a02_tl AccIntro_a02_tl__a03_ca AccIntro_a03_ca__a04_ihr AccIntro_a04_ihr__a07_kimlik Accept_Credential Break_a01_lotl_main Qday Setup_a01_lotl
CERCEVE-000401,G1_claims_unforgeability,'a04_ihr_main',AccIntro_a02_lote_pid__a03_ca AccIntro_a03_ca__a04_ihr AccIntro_a04_ihr__a07_kimlik Accept_Credential Break_a04_ihr_main Intro_a02_lote_pid__a03_ca Intro_a03_ca__a04_ihr Qday Setup_a02_lote_pid Setup_a03_ca Setup_a04_ihr
CERCEVE-000517,G1_claims_unforgeability,'a04_ihr_main',AccIntro_a02_lote_pid__a03_ca AccIntro_a03_ca__a04_ihr AccIntro_a04_ihr__a07_kimlik Accept_Credential Break_a04_ihr_main Intro_a02_lote_pid__a03_ca Intro_a03_ca__a04_ihr Qday Setup_a02_lote_pid Setup_a03_ca Setup_a04_ihr
CERCEVE-000522,G1_claims_unforgeability,'a03_ca_main',AccIntro_a02_lote_pid__a03_ca AccIntro_a03_ca__a04_ihr AccIntro_a04_ihr__a07_kimlik Accept_Credential Break_a03_ca_main Intro_a02_lote_pid__a03_ca Qday Setup_a02_lote_pid Setup_a03_ca
CERCEVE-000527,G1_claims_unforgeability,'a02_lote_pid_main' 'a02_tl_main',AccIntro_a02_lote_pid__a03_ca AccIntro_a03_ca__a04_ihr AccIntro_a04_ihr__a07_kimlik Accept_Credential Break_a02_lote_pid_main Break_a02_tl_main Intro_a01_lotl__a02_tl Qday Setup_a01_lotl Setup_a02_lote_pid Setup_a02_tl
CERCEVE-000532,G1_claims_unforgeability,'a01_lotl_main',AccIntro_a01_lotl__a02_tl AccIntro_a02_tl__a03_ca AccIntro_a03_ca__a04_ihr AccIntro_a04_ihr__a07_kimlik Accept_Credential Break_a01_lotl_main Qday Setup_a01_lotl
CERCEVE-000541,G1_claims_unforgeability,'a04_ihr_main',AccIntro_a02_lote_pid__a03_ca AccIntro_a03_ca__a04_ihr AccIntro_a04_ihr__a07_kimlik Accept_Credential Break_a04_ihr_main Intro_a02_lote_pid__a03_ca Intro_a03_ca__a04_ihr Qday Setup_a02_lote_pid Setup_a03_ca Setup_a04_ihr
CERCEVE-000491,G1_claims_unforgeability,'a04_ihr_main',AccIntro_a02_lote_pid__a03_ca AccIntro_a03_ca__a04_ihr AccIntro_a04_ihr__a07_kimlik Accept_Credential Break_a04_ihr_main Intro_a02_lote_pid__a03_ca Intro_a03_ca__a04_ihr Qday Setup_a02_lote_pid Setup_a03_ca Setup_a04_ihr
CERCEVE-000504,G1_claims_unforgeability,'a02_lote_pid_main' 'a02_tl_main',AccIntro_a02_lote_pid__a03_ca AccIntro_a03_ca__a04_ihr AccIntro_a04_ihr__a07_kimlik Accept_Credential Break_a02_lote_pid_main Break_a02_tl_main Intro_a01_lotl__a02_tl Qday Setup_a01_lotl Setup_a02_lote_pid Setup_a02_tl
CERCEVE-000511,G1_claims_unforgeability,'a04_ihr_main',AccIntro_a02_lote_pid__a03_ca AccIntro_a03_ca__a04_ihr AccIntro_a04_ihr__a07_kimlik Accept_Credential Break_a04_ihr_main Intro_a02_lote_pid__a03_ca Intro_a03_ca__a04_ihr Qday Setup_a02_lote_pid Setup_a03_ca Setup_a04_ihr
CERCEVE-000459,G1_claims_unforgeability,'a01_lotl_main',AccIntro_a01_lotl__a02_tl AccIntro_a02_tl__a03_ca AccIntro_a03_ca__a04_ihr AccIntro_a04_ihr__a07_kimlik Accept_Credential Break_a01_lotl_main Qday Setup_a01_lotl
CERCEVE-000465,G1_claims_unforgeability,'a01_lotl_main',AccIntro_a01_lotl__a02_tl AccIntro_a02_tl__a03_ca AccIntro_a03_ca__a04_ihr AccIntro_a04_ihr__a07_kimlik Accept_Credential Break_a01_lotl_main Qday Setup_a01_lotl
CERCEVE-000475,G1_claims_unforgeability,'a07_kimlik_main',AccIntro_a02_lote_pid__a03_ca AccIntro_a03_ca__a04_ihr AccIntro_a04_ihr__a07_kimlik Accept_Credential Break_a07_kimlik_main Intro_a02_lote_pid__a03_ca Intro_a03_ca__a04_ihr Intro_a04_ihr__a07_kimlik Qday Setup_a02_lote_pid Setup_a03_ca Setup_a04_ihr Setup_a07_kimlik
CERCEVE-000481,G1_claims_unforgeability,'a07_kimlik_main',AccIntro_a02_lote_pid__a03_ca AccIntro_a03_ca__a04_ihr AccIntro_a04_ihr__a07_kimlik Accept_Credential Break_a07_kimlik_main Intro_a02_lote_pid__a03_ca Intro_a03_ca__a04_ihr Intro_a04_ihr__a07_kimlik Qday Setup_a02_lote_pid Setup_a03_ca Setup_a04_ihr Setup_a07_kimlik
CERCEVE-000486,G1_claims_unforgeability,'a04_ihr_main',AccIntro_a02_lote_pid__a03_ca AccIntro_a03_ca__a04_ihr AccIntro_a04_ihr__a07_kimlik Accept_Credential Break_a04_ihr_main Intro_a02_lote_pid__a03_ca Intro_a03_ca__a04_ihr Qday Setup_a02_lote_pid Setup_a03_ca Setup_a04_ihr
CERCEVE-000600,G1_claims_unforgeability,'a02_lote_pid_main' 'a02_tl_main',AccIntro_a02_lote_pid__a03_ca AccIntro_a03_ca__a04_ihr AccIntro_a04_ihr__a07_kimlik Accept_Credential Break_a02_lote_pid_main Break_a02_tl_main Intro_a01_lotl__a02_tl Qday Setup_a01_lotl Setup_a02_lote_pid Setup_a02_tl
CERCEVE-000608,G1_claims_unforgeability,'a04_ihr_main',AccIntro_a02_lote_pid__a03_ca AccIntro_a03_ca__a04_ihr AccIntro_a04_ihr__a07_kimlik Accept_Credential Break_a04_ihr_main Intro_a02_lote_pid__a03_ca Intro_a03_ca__a04_ihr Qday Setup_a02_lote_pid Setup_a03_ca Setup_a04_ihr
CERCEVE-000611,G1_claims_unforgeability,'a01_lotl_main',AccIntro_a01_lotl__a02_tl AccIntro_a02_tl__a03_ca AccIntro_a03_ca__a04_ihr AccIntro_a04_ihr__a07_kimlik Accept_Credential Break_a01_lotl_main Qday Setup_a01_lotl
CERCEVE-000627,G1_claims_unforgeability,'a07_kimlik_main',AccIntro_a02_lote_pid__a03_ca AccIntro_a03_ca__a04_ihr AccIntro_a04_ihr__a07_kimlik Accept_Credential Break_a07_kimlik_main Intro_a02_lote_pid__a03_ca Intro_a03_ca__a04_ihr Intro_a04_ihr__a07_kimlik Qday Setup_a02_lote_pid Setup_a03_ca Setup_a04_ihr Setup_a07_kimlik
CERCEVE-000577,G1_claims_unforgeability,'a07_kimlik_main',AccIntro_a02_lote_pid__a03_ca AccIntro_a03_ca__a04_ihr AccIntro_a04_ihr__a07_kimlik Accept_Credential Break_a07_kimlik_main Intro_a02_lote_pid__a03_ca Intro_a03_ca__a04_ihr Intro_a04_ihr__a07_kimlik Qday Setup_a02_lote_pid Setup_a03_ca Setup_a04_ihr Setup_a07_kimlik
CERCEVE-000580,G1_claims_unforgeability,'a03_ca_main',AccIntro_a02_lote_pid__a03_ca AccIntro_a03_ca__a04_ihr AccIntro_a04_ihr__a07_kimlik Accept_Credential Break_a03_ca_main Intro_a02_lote_pid__a03_ca Qday Setup_a02_lote_pid Setup_a03_ca
CERCEVE-000590,G1_claims_unforgeability,'a03_ca_main',AccIntro_a02_lote_pid__a03_ca AccIntro_a03_ca__a04_ihr AccIntro_a04_ihr__a07_kimlik Accept_Credential Break_a03_ca_main Intro_a02_lote_pid__a03_ca Qday Setup_a02_lote_pid Setup_a03_ca
CERCEVE-000594,G1_claims_unforgeability,'a02_lote_pid_main' 'a02_tl_main',AccIntro_a02_lote_pid__a03_ca AccIntro_a03_ca__a04_ihr AccIntro_a04_ihr__a07_kimlik Accept_Credential Break_a02_lote_pid_main Break_a02_tl_main Intro_a01_lotl__a02_tl Qday Setup_a01_lotl Setup_a02_lote_pid Setup_a02_tl
CERCEVE-000550,G1_claims_unforgeability,'a01_lotl_main',AccIntro_a01_lotl__a02_tl AccIntro_a02_tl__a03_ca AccIntro_a03_ca__a04_ihr AccIntro_a04_ihr__a07_kimlik Accept_Credential Break_a01_lotl_main Qday Setup_a01_lotl
CERCEVE-000560,G1_claims_unforgeability,'a07_kimlik_main',AccIntro_a02_lote_pid__a03_ca AccIntro_a03_ca__a04_ihr AccIntro_a04_ihr__a07_kimlik Accept_Credential Break_a07_kimlik_main Intro_a02_lote_pid__a03_ca Intro_a03_ca__a04_ihr Intro_a04_ihr__a07_kimlik Qday Setup_a02_lote_pid Setup_a03_ca Setup_a04_ihr Setup_a07_kimlik
CERCEVE-000564,G1_claims_unforgeability,'a03_ca_main',AccIntro_a02_lote_pid__a03_ca AccIntro_a03_ca__a04_ihr AccIntro_a04_ihr__a07_kimlik Accept_Credential Break_a03_ca_main Intro_a02_lote_pid__a03_ca Qday Setup_a02_lote_pid Setup_a03_ca
CERCEVE-000835,G2_presentation_unforgeability,'a02_tl_alt' 'a03_ca_alt',AccIntro_a02_lote_pid__a03_ca_main AccIntro_a03_ca__a04_ihr AccIntro_a04_ihr__a07_kimlik_main AccIntro_a07_kimlik__a10_kbjwt_main Accept_Presentation_main Break_a02_tl_alt Break_a03_ca_alt Intro_a01_lotl__a02_tl Intro_a02_lote_pid__a03_ca Qday Setup_a01_lotl Setup_a02_lote_pid Setup_a02_tl Setup_a03_ca Verifier_Challenge
CERCEVE-001197,G2_presentation_unforgeability,'a10_kbjwt_main',AccIntro_a02_lote_pid__a03_ca AccIntro_a03_ca__a04_ihr AccIntro_a04_ihr__a07_kimlik AccIntro_a07_kimlik__a10_kbjwt_main Accept_Presentation_main Break_a10_kbjwt_main Intro_a02_lote_pid__a03_ca Intro_a03_ca__a04_ihr Intro_a04_ihr__a07_kimlik Intro_a07_kimlik__a10_kbjwt Qday Setup_a02_lote_pid Setup_a03_ca Setup_a04_ihr Setup_a07_kimlik Setup_a10_kbjwt Verifier_Challenge
CERCEVE-001367,G2_presentation_unforgeability,'a10_kbjwt_main',AccIntro_a02_lote_pid__a03_ca AccIntro_a03_ca__a04_ihr AccIntro_a04_ihr__a07_kimlik AccIntro_a07_kimlik__a10_kbjwt_main Accept_Presentation_main Break_a10_kbjwt_main Intro_a02_lote_pid__a03_ca Intro_a03_ca__a04_ihr Intro_a04_ihr__a07_kimlik Intro_a07_kimlik__a10_kbjwt Qday Setup_a02_lote_pid Setup_a03_ca Setup_a04_ihr Setup_a07_kimlik Setup_a10_kbjwt Verifier_Challenge
CERCEVE-001332,G2_presentation_unforgeability,'a07_kimlik_alt',AccIntro_a02_lote_pid__a03_ca AccIntro_a03_ca__a04_ihr AccIntro_a04_ihr__a07_kimlik AccIntro_a07_kimlik__a10_kbjwt Accept_Presentation_main Break_a07_kimlik_alt Intro_a02_lote_pid__a03_ca Intro_a03_ca__a04_ihr Intro_a04_ihr__a07_kimlik Qday Setup_a02_lote_pid Setup_a03_ca Setup_a04_ihr Setup_a07_kimlik Verifier_Challenge
CERCEVE-001304,G2_presentation_unforgeability,'a10_kbjwt_alt',AccIntro_a02_lote_pid__a03_ca AccIntro_a03_ca__a04_ihr AccIntro_a04_ihr__a07_kimlik AccIntro_a07_kimlik__a10_kbjwt_main Accept_Presentation Break_a10_kbjwt_alt Intro_a02_lote_pid__a03_ca Intro_a03_ca__a04_ihr Intro_a04_ihr__a07_kimlik Intro_a07_kimlik__a10_kbjwt Qday Setup_a02_lote_pid Setup_a03_ca Setup_a04_ihr Setup_a07_kimlik Setup_a10_kbjwt Verifier_Challenge
CERCEVE-001406,G2_presentation_unforgeability,'a07_kimlik_main',AccIntro_a02_lote_pid__a03_ca AccIntro_a03_ca__a04_ihr AccIntro_a04_ihr__a07_kimlik AccIntro_a07_kimlik__a10_kbjwt_main Accept_Presentation_main Break_a07_kimlik_main Intro_a02_lote_pid__a03_ca Intro_a03_ca__a04_ihr Intro_a04_ihr__a07_kimlik Qday Setup_a02_lote_pid Setup_a03_ca Setup_a04_ihr Setup_a07_kimlik Verifier_Challenge
CERCEVE-001584,G2_presentation_unforgeability,'a03_ca_main',AccIntro_a02_lote_pid__a03_ca AccIntro_a03_ca__a04_ihr AccIntro_a04_ihr__a07_kimlik AccIntro_a07_kimlik__a10_kbjwt Accept_Presentation Break_a03_ca_main Intro_a02_lote_pid__a03_ca Qday Setup_a02_lote_pid Setup_a03_ca Verifier_Challenge
CERCEVE-001590,G2_presentation_unforgeability,'a02_lote_pid_main' 'a02_tl_main',AccIntro_a02_lote_pid__a03_ca AccIntro_a03_ca__a04_ihr AccIntro_a04_ihr__a07_kimlik AccIntro_a07_kimlik__a10_kbjwt Accept_Presentation Break_a02_lote_pid_main Break_a02_tl_main Intro_a01_lotl__a02_tl Qday Setup_a01_lotl Setup_a02_lote_pid Setup_a02_tl Verifier_Challenge
CERCEVE-001596,G2_presentation_unforgeability,'a01_lotl_main',AccIntro_a01_lotl__a02_tl AccIntro_a02_tl__a03_ca AccIntro_a03_ca__a04_ihr AccIntro_a04_ihr__a07_kimlik AccIntro_a07_kimlik__a10_kbjwt Accept_Presentation Break_a01_lotl_main Qday Setup_a01_lotl Verifier_Challenge
CERCEVE-001554,G2_presentation_unforgeability,'a04_ihr_main',AccIntro_a02_lote_pid__a03_ca AccIntro_a03_ca__a04_ihr AccIntro_a04_ihr__a07_kimlik AccIntro_a07_kimlik__a10_kbjwt Accept_Presentation Break_a04_ihr_main Intro_a02_lote_pid__a03_ca Intro_a03_ca__a04_ihr Qday Setup_a02_lote_pid Setup_a03_ca Setup_a04_ihr Verifier_Challenge
CERCEVE-001568,G2_presentation_unforgeability,'a10_kbjwt_main',AccIntro_a02_lote_pid__a03_ca AccIntro_a03_ca__a04_ihr AccIntro_a04_ihr__a07_kimlik AccIntro_a07_kimlik__a10_kbjwt Accept_Presentation Break_a10_kbjwt_main Intro_a02_lote_pid__a03_ca Intro_a03_ca__a04_ihr Intro_a04_ihr__a07_kimlik Intro_a07_kimlik__a10_kbjwt Qday Setup_a02_lote_pid Setup_a03_ca Setup_a04_ihr Setup_a07_kimlik Setup_a10_kbjwt Verifier_Challenge
CERCEVE-001572,G2_presentation_unforgeability,'a04_ihr_main',AccIntro_a02_lote_pid__a03_ca AccIntro_a03_ca__a04_ihr AccIntro_a04_ihr__a07_kimlik AccIntro_a07_kimlik__a10_kbjwt Accept_Presentation Break_a04_ihr_main Intro_a02_lote_pid__a03_ca Intro_a03_ca__a04_ihr Qday Setup_a02_lote_pid Setup_a03_ca Setup_a04_ihr Verifier_Challenge
CERCEVE-001579,G2_presentation_unforgeability,'a07_kimlik_main',AccIntro_a02_lote_pid__a03_ca AccIntro_a03_ca__a04_ihr AccIntro_a04_ihr__a07_kimlik AccIntro_a07_kimlik__a10_kbjwt Accept_Presentation Break_a07_kimlik_main Intro_a02_lote_pid__a03_ca Intro_a03_ca__a04_ihr Intro_a04_ihr__a07_kimlik Qday Setup_a02_lote_pid Setup_a03_ca Setup_a04_ihr Setup_a07_kimlik Verifier_Challenge
CERCEVE-001535,G2_presentation_unforgeability,'a07_kimlik_main',AccIntro_a02_lote_pid__a03_ca AccIntro_a03_ca__a04_ihr AccIntro_a04_ihr__a07_kimlik AccIntro_a07_kimlik__a10_kbjwt Accept_Presentation Break_a07_kimlik_main Intro_a02_lote_pid__a03_ca Intro_a03_ca__a04_ihr Intro_a04_ihr__a07_kimlik Qday Setup_a02_lote_pid Setup_a03_ca Setup_a04_ihr Setup_a07_kimlik Verifier_Challenge
CERCEVE-001543,G2_presentation_unforgeability,'a10_kbjwt_main',AccIntro_a02_lote_pid__a03_ca AccIntro_a03_ca__a04_ihr AccIntro_a04_ihr__a07_kimlik AccIntro_a07_kimlik__a10_kbjwt Accept_Presentation Break_a10_kbjwt_main Intro_a02_lote_pid__a03_ca Intro_a03_ca__a04_ihr Intro_a04_ihr__a07_kimlik Intro_a07_kimlik__a10_kbjwt Qday Setup_a02_lote_pid Setup_a03_ca Setup_a04_ihr Setup_a07_kimlik Setup_a10_kbjwt Verifier_Challenge
CERCEVE-001545,G2_presentation_unforgeability,'a01_lotl_main',AccIntro_a01_lotl__a02_tl AccIntro_a02_tl__a03_ca AccIntro_a03_ca__a04_ihr AccIntro_a04_ihr__a07_kimlik AccIntro_a07_kimlik__a10_kbjwt Accept_Presentation Break_a01_lotl_main Qday Setup_a01_lotl Verifier_Challenge
CERCEVE-001693,G2_presentation_unforgeability,'a07_kimlik_main',AccIntro_a02_lote_pid__a03_ca AccIntro_a03_ca__a04_ihr AccIntro_a04_ihr__a07_kimlik AccIntro_a07_kimlik__a10_kbjwt Accept_Presentation Break_a07_kimlik_main Intro_a02_lote_pid__a03_ca Intro_a03_ca__a04_ihr Intro_a04_ihr__a07_kimlik Qday Setup_a02_lote_pid Setup_a03_ca Setup_a04_ihr Setup_a07_kimlik Verifier_Challenge
CERCEVE-001698,G2_presentation_unforgeability,'a03_ca_main',AccIntro_a02_lote_pid__a03_ca AccIntro_a03_ca__a04_ihr AccIntro_a04_ihr__a07_kimlik AccIntro_a07_kimlik__a10_kbjwt Accept_Presentation Break_a03_ca_main Intro_a02_lote_pid__a03_ca Qday Setup_a02_lote_pid Setup_a03_ca Verifier_Challenge
CERCEVE-001703,G2_presentation_unforgeability,'a01_lotl_main',AccIntro_a01_lotl__a02_tl AccIntro_a02_tl__a03_ca AccIntro_a03_ca__a04_ihr AccIntro_a04_ihr__a07_kimlik AccIntro_a07_kimlik__a10_kbjwt Accept_Presentation Break_a01_lotl_main Qday Setup_a01_lotl Verifier_Challenge
CERCEVE-001712,G2_presentation_unforgeability,'a03_ca_main',AccIntro_a02_lote_pid__a03_ca AccIntro_a03_ca__a04_ihr AccIntro_a04_ihr__a07_kimlik AccIntro_a07_kimlik__a10_kbjwt Accept_Presentation Break_a03_ca_main Intro_a02_lote_pid__a03_ca Qday Setup_a02_lote_pid Setup_a03_ca Verifier_Challenge
CERCEVE-001655,G2_presentation_unforgeability,'a07_kimlik_main',AccIntro_a02_lote_pid__a03_ca AccIntro_a03_ca__a04_ihr AccIntro_a04_ihr__a07_kimlik AccIntro_a07_kimlik__a10_kbjwt Accept_Presentation Break_a07_kimlik_main Intro_a02_lote_pid__a03_ca Intro_a03_ca__a04_ihr Intro_a04_ihr__a07_kimlik Qday Setup_a02_lote_pid Setup_a03_ca Setup_a04_ihr Setup_a07_kimlik Verifier_Challenge
CERCEVE-001661,G2_presentation_unforgeability,'a07_kimlik_main',AccIntro_a02_lote_pid__a03_ca AccIntro_a03_ca__a04_ihr AccIntro_a04_ihr__a07_kimlik AccIntro_a07_kimlik__a10_kbjwt Accept_Presentation Break_a07_kimlik_main Intro_a02_lote_pid__a03_ca Intro_a03_ca__a04_ihr Intro_a04_ihr__a07_kimlik Qday Setup_a02_lote_pid Setup_a03_ca Setup_a04_ihr Setup_a07_kimlik Verifier_Challenge
CERCEVE-001668,G2_presentation_unforgeability,'a10_kbjwt_main',AccIntro_a02_lote_pid__a03_ca AccIntro_a03_ca__a04_ihr AccIntro_a04_ihr__a07_kimlik AccIntro_a07_kimlik__a10_kbjwt Accept_Presentation Break_a10_kbjwt_main Intro_a02_lote_pid__a03_ca Intro_a03_ca__a04_ihr Intro_a04_ihr__a07_kimlik Intro_a07_kimlik__a10_kbjwt Qday Setup_a02_lote_pid Setup_a03_ca Setup_a04_ihr Setup_a07_kimlik Setup_a10_kbjwt Verifier_Challenge
CERCEVE-001670,G2_presentation_unforgeability,'a02_lote_pid_main' 'a02_tl_main',AccIntro_a02_lote_pid__a03_ca AccIntro_a03_ca__a04_ihr AccIntro_a04_ihr__a07_kimlik AccIntro_a07_kimlik__a10_kbjwt Accept_Presentation Break_a02_lote_pid_main Break_a02_tl_main Intro_a01_lotl__a02_tl Qday Setup_a01_lotl Setup_a02_lote_pid Setup_a02_tl Verifier_Challenge
CERCEVE-001678,G2_presentation_unforgeability,'a04_ihr_main',AccIntro_a02_lote_pid__a03_ca AccIntro_a03_ca__a04_ihr AccIntro_a04_ihr__a07_kimlik AccIntro_a07_kimlik__a10_kbjwt Accept_Presentation Break_a04_ihr_main Intro_a02_lote_pid__a03_ca Intro_a03_ca__a04_ihr Qday Setup_a02_lote_pid Setup_a03_ca Setup_a04_ihr Verifier_Challenge
CERCEVE-001617,G2_presentation_unforgeability,'a01_lotl_main',AccIntro_a01_lotl__a02_tl AccIntro_a02_tl__a03_ca AccIntro_a03_ca__a04_ihr AccIntro_a04_ihr__a07_kimlik AccIntro_a07_kimlik__a10_kbjwt Accept_Presentation Break_a01_lotl_main Qday Setup_a01_lotl Verifier_Challenge
CERCEVE-001628,G2_presentation_unforgeability,'a07_kimlik_main',AccIntro_a02_lote_pid__a03_ca AccIntro_a03_ca__a04_ihr AccIntro_a04_ihr__a07_kimlik AccIntro_a07_kimlik__a10_kbjwt Accept_Presentation Break_a07_kimlik_main Intro_a02_lote_pid__a03_ca Intro_a03_ca__a04_ihr Intro_a04_ihr__a07_kimlik Qday Setup_a02_lote_pid Setup_a03_ca Setup_a04_ihr Setup_a07_kimlik Verifier_Challenge
CERCEVE-001634,G2_presentation_unforgeability,'a04_ihr_main',AccIntro_a02_lote_pid__a03_ca AccIntro_a03_ca__a04_ihr AccIntro_a04_ihr__a07_kimlik AccIntro_a07_kimlik__a10_kbjwt Accept_Presentation Break_a04_ihr_main Intro_a02_lote_pid__a03_ca Intro_a03_ca__a04_ihr Qday Setup_a02_lote_pid Setup_a03_ca Setup_a04_ihr Verifier_Challenge
CERCEVE-001639,G2_presentation_unforgeability,'a02_lote_pid_main' 'a02_tl_main',AccIntro_a02_lote_pid__a03_ca AccIntro_a03_ca__a04_ihr AccIntro_a04_ihr__a07_kimlik AccIntro_a07_kimlik__a10_kbjwt Accept_Presentation Break_a02_lote_pid_main Break_a02_tl_main Intro_a01_lotl__a02_tl Qday Setup_a01_lotl Setup_a02_lote_pid Setup_a02_tl Verifier_Challenge
CERCEVE-001647,G2_presentation_unforgeability,'a03_ca_main',AccIntro_a02_lote_pid__a03_ca AccIntro_a03_ca__a04_ihr AccIntro_a04_ihr__a07_kimlik AccIntro_a07_kimlik__a10_kbjwt Accept_Presentation Break_a03_ca_main Intro_a02_lote_pid__a03_ca Qday Setup_a02_lote_pid Setup_a03_ca Verifier_Challenge
CERCEVE-001786,G2_presentation_unforgeability,'a07_kimlik_main',AccIntro_a02_lote_pid__a03_ca AccIntro_a03_ca__a04_ihr AccIntro_a04_ihr__a07_kimlik AccIntro_a07_kimlik__a10_kbjwt Accept_Presentation Break_a07_kimlik_main Intro_a02_lote_pid__a03_ca Intro_a03_ca__a04_ihr Intro_a04_ihr__a07_kimlik Qday Setup_a02_lote_pid Setup_a03_ca Setup_a04_ihr Setup_a07_kimlik Verifier_Challenge
CERCEVE-001793,G2_presentation_unforgeability,'a07_kimlik_main',AccIntro_a02_lote_pid__a03_ca AccIntro_a03_ca__a04_ihr AccIntro_a04_ihr__a07_kimlik AccIntro_a07_kimlik__a10_kbjwt Accept_Presentation Break_a07_kimlik_main Intro_a02_lote_pid__a03_ca Intro_a03_ca__a04_ihr Intro_a04_ihr__a07_kimlik Qday Setup_a02_lote_pid Setup_a03_ca Setup_a04_ihr Setup_a07_kimlik Verifier_Challenge
CERCEVE-001798,G2_presentation_unforgeability,'a03_ca_main',AccIntro_a02_lote_pid__a03_ca AccIntro_a03_ca__a04_ihr AccIntro_a04_ihr__a07_kimlik AccIntro_a07_kimlik__a10_kbjwt Accept_Presentation Break_a03_ca_main Intro_a02_lote_pid__a03_ca Qday Setup_a02_lote_pid Setup_a03_ca Verifier_Challenge
CERCEVE-001810,G2_presentation_unforgeability,'a01_lotl_main',AccIntro_a01_lotl__a02_tl AccIntro_a02_tl__a03_ca AccIntro_a03_ca__a04_ihr AccIntro_a04_ihr__a07_kimlik AccIntro_a07_kimlik__a10_kbjwt Accept_Presentation Break_a01_lotl_main Qday Setup_a01_lotl Verifier_Challenge
CERCEVE-001756,G2_presentation_unforgeability,'a10_kbjwt_main',AccIntro_a02_lote_pid__a03_ca AccIntro_a03_ca__a04_ihr AccIntro_a04_ihr__a07_kimlik AccIntro_a07_kimlik__a10_kbjwt Accept_Presentation Break_a10_kbjwt_main Intro_a02_lote_pid__a03_ca Intro_a03_ca__a04_ihr Intro_a04_ihr__a07_kimlik Intro_a07_kimlik__a10_kbjwt Qday Setup_a02_lote_pid Setup_a03_ca Setup_a04_ihr Setup_a07_kimlik Setup_a10_kbjwt Verifier_Challenge
CERCEVE-001759,G2_presentation_unforgeability,'a03_ca_main',AccIntro_a02_lote_pid__a03_ca AccIntro_a03_ca__a04_ihr AccIntro_a04_ihr__a07_kimlik AccIntro_a07_kimlik__a10_kbjwt Accept_Presentation Break_a03_ca_main Intro_a02_lote_pid__a03_ca Qday Setup_a02_lote_pid Setup_a03_ca Verifier_Challenge
CERCEVE-001764,G2_presentation_unforgeability,'a02_lote_pid_main' 'a02_tl_main',AccIntro_a02_lote_pid__a03_ca AccIntro_a03_ca__a04_ihr AccIntro_a04_ihr__a07_kimlik AccIntro_a07_kimlik__a10_kbjwt Accept_Presentation Break_a02_lote_pid_main Break_a02_tl_main Intro_a01_lotl__a02_tl Qday Setup_a01_lotl Setup_a02_lote_pid Setup_a02_tl Verifier_Challenge
CERCEVE-001770,G2_presentation_unforgeability,'a02_lote_pid_main' 'a02_tl_main',AccIntro_a02_lote_pid__a03_ca AccIntro_a03_ca__a04_ihr AccIntro_a04_ihr__a07_kimlik AccIntro_a07_kimlik__a10_kbjwt Accept_Presentation Break_a02_lote_pid_main Break_a02_tl_main Intro_a01_lotl__a02_tl Qday Setup_a01_lotl Setup_a02_lote_pid Setup_a02_tl Verifier_Challenge
CERCEVE-001721,G2_presentation_unforgeability,'a07_kimlik_main',AccIntro_a02_lote_pid__a03_ca AccIntro_a03_ca__a04_ihr AccIntro_a04_ihr__a07_kimlik AccIntro_a07_kimlik__a10_kbjwt Accept_Presentation Break_a07_kimlik_main Intro_a02_lote_pid__a03_ca Intro_a03_ca__a04_ihr Intro_a04_ihr__a07_kimlik Qday Setup_a02_lote_pid Setup_a03_ca Setup_a04_ihr Setup_a07_kimlik Verifier_Challenge
CERCEVE-001728,G2_presentation_unforgeability,'a07_kimlik_main',AccIntro_a02_lote_pid__a03_ca AccIntro_a03_ca__a04_ihr AccIntro_a04_ihr__a07_kimlik AccIntro_a07_kimlik__a10_kbjwt Accept_Presentation Break_a07_kimlik_main Intro_a02_lote_pid__a03_ca Intro_a03_ca__a04_ihr Intro_a04_ihr__a07_kimlik Qday Setup_a02_lote_pid Setup_a03_ca Setup_a04_ihr Setup_a07_kimlik Verifier_Challenge
CERCEVE-001736,G2_presentation_unforgeability,'a10_kbjwt_main',AccIntro_a02_lote_pid__a03_ca AccIntro_a03_ca__a04_ihr AccIntro_a04_ihr__a07_kimlik AccIntro_a07_kimlik__a10_kbjwt Accept_Presentation Break_a10_kbjwt_main Intro_a02_lote_pid__a03_ca Intro_a03_ca__a04_ihr Intro_a04_ihr__a07_kimlik Intro_a07_kimlik__a10_kbjwt Qday Setup_a02_lote_pid Setup_a03_ca Setup_a04_ihr Setup_a07_kimlik Setup_a10_kbjwt Verifier_Challenge
CERCEVE-001740,G2_presentation_unforgeability,'a03_ca_main',AccIntro_a02_lote_pid__a03_ca AccIntro_a03_ca__a04_ihr AccIntro_a04_ihr__a07_kimlik AccIntro_a07_kimlik__a10_kbjwt Accept_Presentation Break_a03_ca_main Intro_a02_lote_pid__a03_ca Qday Setup_a02_lote_pid Setup_a03_ca Verifier_Challenge
CERCEVE-001747,G2_presentation_unforgeability,'a03_ca_main',AccIntro_a02_lote_pid__a03_ca AccIntro_a03_ca__a04_ihr AccIntro_a04_ihr__a07_kimlik AccIntro_a07_kimlik__a10_kbjwt Accept_Presentation Break_a03_ca_main Intro_a02_lote_pid__a03_ca Qday Setup_a02_lote_pid Setup_a03_ca Verifier_Challenge
CERCEVE-001887,G3_status_soundness,'a08_durum_main',AccIntro_a02_lote_pid__a03_ca_main AccIntro_a03_ca__a04_ihr_main AccIntro_a04_ihr__a08_durum_main Accept_Status_main Break_a08_durum_main Intro_a02_lote_pid__a03_ca Intro_a03_ca__a04_ihr Intro_a04_ihr__a08_durum Qday Setup_a02_lote_pid Setup_a03_ca Setup_a04_ihr Setup_a08_durum
CERCEVE-001853,G3_status_soundness,'a02_tl_alt' 'a04_ihr_alt',AccIntro_a02_lote_pid__a03_ca_main AccIntro_a03_ca__a04_ihr_main AccIntro_a04_ihr__a08_durum Accept_Status_main Break_a02_tl_alt Break_a04_ihr_alt Intro_a01_lotl__a02_tl Intro_a02_lote_pid__a03_ca Intro_a03_ca__a04_ihr Qday Setup_a01_lotl Setup_a02_lote_pid Setup_a02_tl Setup_a03_ca Setup_a04_ihr
CERCEVE-001834,G3_status_soundness,'a02_tl_alt' 'a04_ihr_main',AccIntro_a02_lote_pid__a03_ca_main AccIntro_a03_ca__a04_ihr_main AccIntro_a04_ihr__a08_durum_main Accept_Status_main Break_a02_tl_alt Break_a04_ihr_main Intro_a01_lotl__a02_tl Intro_a02_lote_pid__a03_ca Intro_a03_ca__a04_ihr Qday Setup_a01_lotl Setup_a02_lote_pid Setup_a02_tl Setup_a03_ca Setup_a04_ihr
CERCEVE-001967,G3_status_soundness,'a02_lote_pid_alt' 'a04_ihr_alt',AccIntro_a02_lote_pid__a03_ca AccIntro_a03_ca__a04_ihr_main AccIntro_a04_ihr__a08_durum_alt Accept_Status_alt Break_a02_lote_pid_alt Break_a04_ihr_alt ExpAcc_a02_lote_pid__a04_ihr ExpAcc_a02_lote_pid__a08_durum Intro_a02_lote_pid__a03_ca Intro_a03_ca__a04_ihr Qday Setup_a02_lote_pid Setup_a03_ca Setup_a04_ihr
CERCEVE-001940,G3_status_soundness,'a01_lotl_alt' 'a02_tl_alt',AccIntro_a02_tl__a03_ca_alt AccIntro_a03_ca__a04_ihr_main AccIntro_a04_ihr__a08_durum_main Accept_Status_main Break_a01_lotl_alt Break_a02_tl_alt ExpAcc_a01_lotl__a02_tl Intro_a01_lotl__a02_tl Qday Setup_a01_lotl Setup_a02_tl
CERCEVE-001914,G3_status_soundness,'a01_lotl_alt' 'a02_tl_alt',AccIntro_a01_lotl__a02_tl AccIntro_a02_tl__a03_ca_main AccIntro_a03_ca__a04_ihr_main AccIntro_a04_ihr__a08_durum_main Accept_Status_main Break_a01_lotl_alt Break_a02_tl_alt Intro_a01_lotl__a02_tl Qday Setup_a01_lotl Setup_a02_tl
CERCEVE-002044,G3_status_soundness,'a01_lotl_alt' 'a02_tl_alt',AccIntro_a01_lotl__a02_tl AccIntro_a02_tl__a03_ca_main AccIntro_a03_ca__a04_ihr_main AccIntro_a04_ihr__a08_durum_main Accept_Status_main Break_a01_lotl_alt Break_a02_tl_alt Intro_a01_lotl__a02_tl Qday Setup_a01_lotl Setup_a02_tl
CERCEVE-002022,G3_status_soundness,'a02_tl_alt' 'a04_ihr_alt',AccIntro_a02_lote_pid__a03_ca_main AccIntro_a03_ca__a04_ihr_main AccIntro_a04_ihr__a08_durum Accept_Status_main Break_a02_tl_alt Break_a04_ihr_alt Intro_a01_lotl__a02_tl Intro_a02_lote_pid__a03_ca Intro_a03_ca__a04_ihr Qday Setup_a01_lotl Setup_a02_lote_pid Setup_a02_tl Setup_a03_ca Setup_a04_ihr
CERCEVE-001995,G3_status_soundness,'a02_tl_alt' 'a03_ca_alt',AccIntro_a02_lote_pid__a03_ca_main AccIntro_a03_ca__a04_ihr AccIntro_a04_ihr__a08_durum_main Accept_Status_main Break_a02_tl_alt Break_a03_ca_alt Intro_a01_lotl__a02_tl Intro_a02_lote_pid__a03_ca Qday Setup_a01_lotl Setup_a02_lote_pid Setup_a02_tl Setup_a03_ca
CERCEVE-002071,G3_status_soundness,'a08_durum_main',AccIntro_a02_lote_pid__a03_ca AccIntro_a03_ca__a04_ihr AccIntro_a04_ihr__a08_durum Accept_Status_main Break_a08_durum_main Intro_a02_lote_pid__a03_ca Intro_a03_ca__a04_ihr Intro_a04_ihr__a08_durum Qday Setup_a02_lote_pid Setup_a03_ca Setup_a04_ihr Setup_a08_durum
CERCEVE-002064,G3_status_soundness,'a08_durum_main',AccIntro_a02_lote_pid__a03_ca AccIntro_a03_ca__a04_ihr AccIntro_a04_ihr__a08_durum Accept_Status_main Break_a08_durum_main Intro_a02_lote_pid__a03_ca Intro_a03_ca__a04_ihr Intro_a04_ihr__a08_durum Qday Setup_a02_lote_pid Setup_a03_ca Setup_a04_ihr Setup_a08_durum
CERCEVE-002102,G3_status_soundness,'a08_durum_main',AccIntro_a02_lote_pid__a03_ca AccIntro_a03_ca__a04_ihr AccIntro_a04_ihr__a08_durum Accept_Status_main Break_a08_durum_main Intro_a02_lote_pid__a03_ca Intro_a03_ca__a04_ihr Intro_a04_ihr__a08_durum Qday Setup_a02_lote_pid Setup_a03_ca Setup_a04_ihr Setup_a08_durum
CERCEVE-002176,G3_status_soundness,'a04_ihr_main',AccIntro_a02_lote_pid__a03_ca AccIntro_a03_ca__a04_ihr AccIntro_a04_ihr__a08_durum Accept_Status_main Break_a04_ihr_main Intro_a02_lote_pid__a03_ca Intro_a03_ca__a04_ihr Qday Setup_a02_lote_pid Setup_a03_ca Setup_a04_ihr
CERCEVE-002163,G3_status_soundness,'a08_durum_main',AccIntro_a02_lote_pid__a03_ca AccIntro_a03_ca__a04_ihr AccIntro_a04_ihr__a08_durum Accept_Status_main Break_a08_durum_main Intro_a02_lote_pid__a03_ca Intro_a03_ca__a04_ihr Intro_a04_ihr__a08_durum Qday Setup_a02_lote_pid Setup_a03_ca Setup_a04_ihr Setup_a08_durum
CERCEVE-002148,G3_status_soundness,'a08_durum_main',AccIntro_a02_lote_pid__a03_ca AccIntro_a03_ca__a04_ihr AccIntro_a04_ihr__a08_durum Accept_Status_main Break_a08_durum_main Intro_a02_lote_pid__a03_ca Intro_a03_ca__a04_ihr Intro_a04_ihr__a08_durum Qday Setup_a02_lote_pid Setup_a03_ca Setup_a04_ihr Setup_a08_durum
CERCEVE-002244,G3_status_soundness,'a01_lotl_main',AccIntro_a01_lotl__a02_tl AccIntro_a02_tl__a03_ca AccIntro_a03_ca__a04_ihr AccIntro_a04_ihr__a08_durum Accept_Status Break_a01_lotl_main Qday Setup_a01_lotl
CERCEVE-002254,G3_status_soundness,'a08_durum_main',AccIntro_a02_lote_pid__a03_ca AccIntro_a03_ca__a04_ihr AccIntro_a04_ihr__a08_durum Accept_Status Break_a08_durum_main Intro_a02_lote_pid__a03_ca Intro_a03_ca__a04_ihr Intro_a04_ihr__a08_durum Qday Setup_a02_lote_pid Setup_a03_ca Setup_a04_ihr Setup_a08_durum
CERCEVE-002260,G3_status_soundness,'a08_durum_main',AccIntro_a02_lote_pid__a03_ca AccIntro_a03_ca__a04_ihr AccIntro_a04_ihr__a08_durum Accept_Status Break_a08_durum_main Intro_a02_lote_pid__a03_ca Intro_a03_ca__a04_ihr Intro_a04_ihr__a08_durum Qday Setup_a02_lote_pid Setup_a03_ca Setup_a04_ihr Setup_a08_durum
CERCEVE-002264,G3_status_soundness,'a03_ca_main',AccIntro_a02_lote_pid__a03_ca AccIntro_a03_ca__a04_ihr AccIntro_a04_ihr__a08_durum Accept_Status Break_a03_ca_main Intro_a02_lote_pid__a03_ca Qday Setup_a02_lote_pid Setup_a03_ca
CERCEVE-002271,G3_status_soundness,'a04_ihr_main',AccIntro_a02_lote_pid__a03_ca AccIntro_a03_ca__a04_ihr AccIntro_a04_ihr__a08_durum Accept_Status Break_a04_ihr_main Intro_a02_lote_pid__a03_ca Intro_a03_ca__a04_ihr Qday Setup_a02_lote_pid Setup_a03_ca Setup_a04_ihr
CERCEVE-002224,G3_status_soundness,'a02_lote_pid_main' 'a02_tl_main',AccIntro_a02_lote_pid__a03_ca AccIntro_a03_ca__a04_ihr AccIntro_a04_ihr__a08_durum Accept_Status Break_a02_lote_pid_main Break_a02_tl_main Intro_a01_lotl__a02_tl Qday Setup_a01_lotl Setup_a02_lote_pid Setup_a02_tl
CERCEVE-002229,G3_status_soundness,'a02_lote_pid_main' 'a02_tl_main',AccIntro_a02_lote_pid__a03_ca AccIntro_a03_ca__a04_ihr AccIntro_a04_ihr__a08_durum Accept_Status Break_a02_lote_pid_main Break_a02_tl_main Intro_a01_lotl__a02_tl Qday Setup_a01_lotl Setup_a02_lote_pid Setup_a02_tl
CERCEVE-002234,G3_status_soundness,'a02_lote_pid_main' 'a02_tl_main',AccIntro_a02_lote_pid__a03_ca AccIntro_a03_ca__a04_ihr AccIntro_a04_ihr__a08_durum Accept_Status Break_a02_lote_pid_main Break_a02_tl_main Intro_a01_lotl__a02_tl Qday Setup_a01_lotl Setup_a02_lote_pid Setup_a02_tl
CERCEVE-002241,G3_status_soundness,'a04_ihr_main',AccIntro_a02_lote_pid__a03_ca AccIntro_a03_ca__a04_ihr AccIntro_a04_ihr__a08_durum Accept_Status Break_a04_ihr_main Intro_a02_lote_pid__a03_ca Intro_a03_ca__a04_ihr Qday Setup_a02_lote_pid Setup_a03_ca Setup_a04_ihr
CERCEVE-002192,G3_status_soundness,'a04_ihr_main',AccIntro_a02_lote_pid__a03_ca AccIntro_a03_ca__a04_ihr AccIntro_a04_ihr__a08_durum Accept_Status Break_a04_ihr_main Intro_a02_lote_pid__a03_ca Intro_a03_ca__a04_ihr Qday Setup_a02_lote_pid Setup_a03_ca Setup_a04_ihr
CERCEVE-002198,G3_status_soundness,'a04_ihr_main',AccIntro_a02_lote_pid__a03_ca AccIntro_a03_ca__a04_ihr AccIntro_a04_ihr__a08_durum Accept_Status Break_a04_ihr_main Intro_a02_lote_pid__a03_ca Intro_a03_ca__a04_ihr Qday Setup_a02_lote_pid Setup_a03_ca Setup_a04_ihr
CERCEVE-002207,G3_status_soundness,'a01_lotl_main',AccIntro_a01_lotl__a02_tl AccIntro_a02_tl__a03_ca AccIntro_a03_ca__a04_ihr AccIntro_a04_ihr__a08_durum Accept_Status Break_a01_lotl_main Qday Setup_a01_lotl
CERCEVE-002215,G3_status_soundness,'a03_ca_main',AccIntro_a02_lote_pid__a03_ca AccIntro_a03_ca__a04_ihr AccIntro_a04_ihr__a08_durum Accept_Status Break_a03_ca_main Intro_a02_lote_pid__a03_ca Qday Setup_a02_lote_pid Setup_a03_ca
CERCEVE-002331,G3_status_soundness,'a03_ca_main',AccIntro_a02_lote_pid__a03_ca AccIntro_a03_ca__a04_ihr AccIntro_a04_ihr__a08_durum Accept_Status Break_a03_ca_main Intro_a02_lote_pid__a03_ca Qday Setup_a02_lote_pid Setup_a03_ca
CERCEVE-002344,G3_status_soundness,'a04_ihr_main',AccIntro_a02_lote_pid__a03_ca AccIntro_a03_ca__a04_ihr AccIntro_a04_ihr__a08_durum Accept_Status Break_a04_ihr_main Intro_a02_lote_pid__a03_ca Intro_a03_ca__a04_ihr Qday Setup_a02_lote_pid Setup_a03_ca Setup_a04_ihr
CERCEVE-002347,G3_status_soundness,'a01_lotl_main',AccIntro_a01_lotl__a02_tl AccIntro_a02_tl__a03_ca AccIntro_a03_ca__a04_ihr AccIntro_a04_ihr__a08_durum Accept_Status Break_a01_lotl_main Qday Setup_a01_lotl
CERCEVE-002356,G3_status_soundness,'a04_ihr_main',AccIntro_a02_lote_pid__a03_ca AccIntro_a03_ca__a04_ihr AccIntro_a04_ihr__a08_durum Accept_Status Break_a04_ihr_main Intro_a02_lote_pid__a03_ca Intro_a03_ca__a04_ihr Qday Setup_a02_lote_pid Setup_a03_ca Setup_a04_ihr
CERCEVE-002304,G3_status_soundness,'a02_lote_pid_main' 'a02_tl_main',AccIntro_a02_lote_pid__a03_ca AccIntro_a03_ca__a04_ihr AccIntro_a04_ihr__a08_durum Accept_Status Break_a02_lote_pid_main Break_a02_tl_main Intro_a01_lotl__a02_tl Qday Setup_a01_lotl Setup_a02_lote_pid Setup_a02_tl
CERCEVE-002310,G3_status_soundness,'a03_ca_main',AccIntro_a02_lote_pid__a03_ca AccIntro_a03_ca__a04_ihr AccIntro_a04_ihr__a08_durum Accept_Status Break_a03_ca_main Intro_a02_lote_pid__a03_ca Qday Setup_a02_lote_pid Setup_a03_ca
CERCEVE-002327,G3_status_soundness,'a08_durum_main',AccIntro_a02_lote_pid__a03_ca AccIntro_a03_ca__a04_ihr AccIntro_a04_ihr__a08_durum Accept_Status Break_a08_durum_main Intro_a02_lote_pid__a03_ca Intro_a03_ca__a04_ihr Intro_a04_ihr__a08_durum Qday Setup_a02_lote_pid Setup_a03_ca Setup_a04_ihr Setup_a08_durum
CERCEVE-002275,G3_status_soundness,'a02_lote_pid_main' 'a02_tl_main',AccIntro_a02_lote_pid__a03_ca AccIntro_a03_ca__a04_ihr AccIntro_a04_ihr__a08_durum Accept_Status Break_a02_lote_pid_main Break_a02_tl_main Intro_a01_lotl__a02_tl Qday Setup_a01_lotl Setup_a02_lote_pid Setup_a02_tl
CERCEVE-002282,G3_status_soundness,'a03_ca_main',AccIntro_a02_lote_pid__a03_ca AccIntro_a03_ca__a04_ihr AccIntro_a04_ihr__a08_durum Accept_Status Break_a03_ca_main Intro_a02_lote_pid__a03_ca Qday Setup_a02_lote_pid Setup_a03_ca
CERCEVE-002296,G3_status_soundness,'a08_durum_main',AccIntro_a02_lote_pid__a03_ca AccIntro_a03_ca__a04_ihr AccIntro_a04_ihr__a08_durum Accept_Status Break_a08_durum_main Intro_a02_lote_pid__a03_ca Intro_a03_ca__a04_ihr Intro_a04_ihr__a08_durum Qday Setup_a02_lote_pid Setup_a03_ca Setup_a04_ihr Setup_a08_durum
CERCEVE-002298,G3_status_soundness,'a01_lotl_main',AccIntro_a01_lotl__a02_tl AccIntro_a02_tl__a03_ca AccIntro_a03_ca__a04_ihr AccIntro_a04_ihr__a08_durum Accept_Status Break_a01_lotl_main Qday Setup_a01_lotl
CERCEVE-002416,G3_status_soundness,'a03_ca_main',AccIntro_a02_lote_pid__a03_ca AccIntro_a03_ca__a04_ihr AccIntro_a04_ihr__a08_durum Accept_Status Break_a03_ca_main Intro_a02_lote_pid__a03_ca Qday Setup_a02_lote_pid Setup_a03_ca
CERCEVE-002422,G3_status_soundness,'a03_ca_main',AccIntro_a02_lote_pid__a03_ca AccIntro_a03_ca__a04_ihr AccIntro_a04_ihr__a08_durum Accept_Status Break_a03_ca_main Intro_a02_lote_pid__a03_ca Qday Setup_a02_lote_pid Setup_a03_ca
CERCEVE-002430,G3_status_soundness,'a08_durum_main',AccIntro_a02_lote_pid__a03_ca AccIntro_a03_ca__a04_ihr AccIntro_a04_ihr__a08_durum Accept_Status Break_a08_durum_main Intro_a02_lote_pid__a03_ca Intro_a03_ca__a04_ihr Intro_a04_ihr__a08_durum Qday Setup_a02_lote_pid Setup_a03_ca Setup_a04_ihr Setup_a08_durum
CERCEVE-002433,G3_status_soundness,'a02_lote_pid_main' 'a02_tl_main',AccIntro_a02_lote_pid__a03_ca AccIntro_a03_ca__a04_ihr AccIntro_a04_ihr__a08_durum Accept_Status Break_a02_lote_pid_main Break_a02_tl_main Intro_a01_lotl__a02_tl Qday Setup_a01_lotl Setup_a02_lote_pid Setup_a02_tl
CERCEVE-002438,G3_status_soundness,'a01_lotl_main',AccIntro_a01_lotl__a02_tl AccIntro_a02_tl__a03_ca AccIntro_a03_ca__a04_ihr AccIntro_a04_ihr__a08_durum Accept_Status Break_a01_lotl_main Qday Setup_a01_lotl
CERCEVE-002395,G3_status_soundness,'a03_ca_main',AccIntro_a02_lote_pid__a03_ca AccIntro_a03_ca__a04_ihr AccIntro_a04_ihr__a08_durum Accept_Status Break_a03_ca_main Intro_a02_lote_pid__a03_ca Qday Setup_a02_lote_pid Setup_a03_ca
CERCEVE-002402,G3_status_soundness,'a08_durum_main',AccIntro_a02_lote_pid__a03_ca AccIntro_a03_ca__a04_ihr AccIntro_a04_ihr__a08_durum Accept_Status Break_a08_durum_main Intro_a02_lote_pid__a03_ca Intro_a03_ca__a04_ihr Intro_a04_ihr__a08_durum Qday Setup_a02_lote_pid Setup_a03_ca Setup_a04_ihr Setup_a08_durum
CERCEVE-002360,G3_status_soundness,'a02_lote_pid_main' 'a02_tl_main',AccIntro_a02_lote_pid__a03_ca AccIntro_a03_ca__a04_ihr AccIntro_a04_ihr__a08_durum Accept_Status Break_a02_lote_pid_main Break_a02_tl_main Intro_a01_lotl__a02_tl Qday Setup_a01_lotl Setup_a02_lote_pid Setup_a02_tl
CERCEVE-002368,G3_status_soundness,'a04_ihr_main',AccIntro_a02_lote_pid__a03_ca AccIntro_a03_ca__a04_ihr AccIntro_a04_ihr__a08_durum Accept_Status Break_a04_ihr_main Intro_a02_lote_pid__a03_ca Intro_a03_ca__a04_ihr Qday Setup_a02_lote_pid Setup_a03_ca Setup_a04_ihr
CERCEVE-002373,G3_status_soundness,'a03_ca_main',AccIntro_a02_lote_pid__a03_ca AccIntro_a03_ca__a04_ihr AccIntro_a04_ihr__a08_durum Accept_Status Break_a03_ca_main Intro_a02_lote_pid__a03_ca Qday Setup_a02_lote_pid Setup_a03_ca
CERCEVE-002386,G3_status_soundness,'a04_ihr_main',AccIntro_a02_lote_pid__a03_ca AccIntro_a03_ca__a04_ihr AccIntro_a04_ihr__a08_durum Accept_Status Break_a04_ihr_main Intro_a02_lote_pid__a03_ca Intro_a03_ca__a04_ihr Qday Setup_a02_lote_pid Setup_a03_ca Setup_a04_ihr
CERCEVE-001680,G2_presentation_unforgeability,'a10_kbjwt_main',AccIntro_a02_lote_pid__a03_ca AccIntro_a03_ca__a04_ihr AccIntro_a04_ihr__a07_kimlik AccIntro_a07_kimlik__a10_kbjwt Accept_Presentation Break_a10_kbjwt_main Intro_a02_lote_pid__a03_ca Intro_a03_ca__a04_ihr Intro_a04_ihr__a07_kimlik Intro_a07_kimlik__a10_kbjwt Qday Setup_a02_lote_pid Setup_a03_ca Setup_a04_ihr Setup_a07_kimlik Setup_a10_kbjwt Verifier_Challenge
CERCEVE-001838,G3_status_soundness,'a02_tl_alt',AccIntro_a01_lotl__a02_tl_main AccIntro_a02_tl__a03_ca AccIntro_a03_ca__a04_ihr_main AccIntro_a04_ihr__a08_durum_main Accept_Status_main Break_a02_tl_alt Intro_a01_lotl__a02_tl Qday Setup_a01_lotl Setup_a02_tl
CERCEVE-000340,G1_claims_unforgeability,'a04_ihr_main',AccIntro_a02_lote_pid__a03_ca AccIntro_a03_ca__a04_ihr AccIntro_a04_ihr__a07_kimlik Accept_Credential_main Break_a04_ihr_main Intro_a02_lote_pid__a03_ca Intro_a03_ca__a04_ihr Qday Setup_a02_lote_pid Setup_a03_ca Setup_a04_ihr
CERCEVE-001010,G2_presentation_unforgeability,'a07_kimlik_main',AccIntro_a02_lote_pid__a03_ca_main AccIntro_a03_ca__a04_ihr_main AccIntro_a04_ihr__a07_kimlik_main AccIntro_a07_kimlik__a10_kbjwt_main Accept_Presentation_main Break_a07_kimlik_main Intro_a02_lote_pid__a03_ca Intro_a03_ca__a04_ihr Intro_a04_ihr__a07_kimlik Qday Setup_a02_lote_pid Setup_a03_ca Setup_a04_ihr Setup_a07_kimlik Verifier_Challenge
CERCEVE-001355,G2_presentation_unforgeability,'a04_ihr_main',AccIntro_a02_lote_pid__a03_ca AccIntro_a03_ca__a04_ihr AccIntro_a04_ihr__a07_kimlik AccIntro_a07_kimlik__a10_kbjwt_main Accept_Presentation_main Break_a04_ihr_main Intro_a02_lote_pid__a03_ca Intro_a03_ca__a04_ihr Qday Setup_a02_lote_pid Setup_a03_ca Setup_a04_ihr Verifier_Challenge
CERCEVE-000546,G1_claims_unforgeability,'a03_ca_main',AccIntro_a02_lote_pid__a03_ca AccIntro_a03_ca__a04_ihr AccIntro_a04_ihr__a07_kimlik Accept_Credential Break_a03_ca_main Intro_a02_lote_pid__a03_ca Qday Setup_a02_lote_pid Setup_a03_ca
CERCEVE-001879,G3_status_soundness,'a02_tl_alt' 'a04_ihr_alt',AccIntro_a02_lote_pid__a03_ca_main AccIntro_a03_ca__a04_ihr_main AccIntro_a04_ihr__a08_durum Accept_Status_main Break_a02_tl_alt Break_a04_ihr_alt Intro_a01_lotl__a02_tl Intro_a02_lote_pid__a03_ca Intro_a03_ca__a04_ihr Qday Setup_a01_lotl Setup_a02_lote_pid Setup_a02_tl Setup_a03_ca Setup_a04_ihr
CERCEVE-001296,G2_presentation_unforgeability,'a01_lotl_main' 'a05_meta_alt' 'a07_kimlik_alt',AccIntro_a01_lotl__a02_tl AccIntro_a02_lote_pid__a03_ca AccIntro_a02_tl__a03_ca AccIntro_a03_ca__a04_ihr AccIntro_a04_ihr__a05_meta AccIntro_a04_ihr__a07_kimlik AccIntro_a07_kimlik__a10_kbjwt_alt Accept_Presentation_main Break_a01_lotl_main Break_a05_meta_alt Break_a07_kimlik_alt ExpAcc_a05_meta__a07_kimlik_main Intro_a02_lote_pid__a03_ca Intro_a03_ca__a04_ihr Intro_a04_ihr__a05_meta Intro_a04_ihr__a07_kimlik Qday Setup_a01_lotl Setup_a02_lote_pid Setup_a03_ca Setup_a04_ihr Setup_a05_meta Setup_a07_kimlik Verifier_Challenge
CERCEVE-002124,G3_status_soundness,'a08_durum_main',AccIntro_a02_lote_pid__a03_ca AccIntro_a03_ca__a04_ihr AccIntro_a04_ihr__a08_durum Accept_Status_main Break_a08_durum_main Intro_a02_lote_pid__a03_ca Intro_a03_ca__a04_ihr Intro_a04_ihr__a08_durum Qday Setup_a02_lote_pid Setup_a03_ca Setup_a04_ihr Setup_a08_durum
