satir_id,executable,adim,sure_s,bellek_MiB
CERCEVE-000048,kapanmadi,NA,222.88,12288.0
CERCEVE-000023,verified,14,18.55,280.8
CERCEVE-000150,verified,13,14.2,263.8
CERCEVE-000129,verified,14,23.5,330.8
CERCEVE-000212,verified,14,293.31,5422.0
CERCEVE-000173,verified,16,160.39,11128.3
CERCEVE-000268,verified,14,31.67,661.9
CERCEVE-000251,verified,14,14.79,205.7
CERCEVE-000239,verified,14,34.1,409.0
CERCEVE-000305,verified,14,4.35,112.7
CERCEVE-000291,verified,14,6.38,125.4
CERCEVE-000343,verified,14,16.1,206.4
CERCEVE-000342,verified,13,4.79,112.7
CERCEVE-000429,verified,12,3.4,99.1
CERCEVE-000438,verified,12,3.28,110.3
CERCEVE-000443,verified,12,3.37,105.2
CERCEVE-000449,verified,12,3.11,113.1
CERCEVE-000457,verified,12,2.8,99.3
CERCEVE-000404,verified,12,3.17,105.2
CERCEVE-000409,verified,12,3.27,122.1
CERCEVE-000416,verified,12,4.61,98.8
CERCEVE-000418,verified,12,4.06,90.7
CERCEVE-000427,verified,12,3.51,97.1
CERCEVE-000376,verified,12,2.79,104.4
CERCEVE-000380,verified,12,3.56,103.1
CERCEVE-000385,verified,12,3.92,99.4
CERCEVE-000392,verified,12,3.86,108.2
CERCEVE-000401,verified,12,3.56,101.6
CERCEVE-000517,verified,12,3.6,107.2
CERCEVE-000522,verified,12,4.32,101.4
CERCEVE-000527,verified,12,3.89,118.7
CERCEVE-000532,verified,12,3.86,105.6
CERCEVE-000541,verified,12,3.74,97.9
CERCEVE-000491,verified,12,4.47,117.5
CERCEVE-000493,verified,12,3.21,89.1
CERCEVE-000498,verified,12,3.21,90.6
CERCEVE-000504,verified,12,3.41,104.3
CERCEVE-000511,verified,12,3.95,113.3
CERCEVE-000459,verified,12,3.72,101.8
CERCEVE-000465,verified,12,3.41,103.8
CERCEVE-000475,verified,12,5.15,101.9
CERCEVE-000481,verified,12,4.47,102.4
CERCEVE-000486,verified,12,3.26,97.5
CERCEVE-000600,verified,12,3.72,111.9
CERCEVE-000608,verified,12,4.22,106.0
CERCEVE-000611,verified,12,3.9,100.9
CERCEVE-000616,verified,12,4.09,105.5
CERCEVE-000627,verified,12,3.37,99.1
CERCEVE-000577,verified,12,4.36,94.2
CERCEVE-000580,verified,12,3.43,107.4
CERCEVE-000583,verified,12,4.01,94.2
CERCEVE-000590,verified,12,4.35,104.0
CERCEVE-000594,verified,12,5.66,100.1
CERCEVE-000543,verified,12,3.23,101.8
CERCEVE-000550,verified,12,4.52,103.2
CERCEVE-000560,verified,12,4.49,98.1
CERCEVE-000564,verified,12,3.8,113.3
CERCEVE-000567,verified,12,3.97,97.9
CERCEVE-000724,kapanmadi,NA,78.59,12288.0
CERCEVE-000671,kapanmadi,NA,144.76,12288.0
CERCEVE-000938,verified,16,398.33,8354.2
CERCEVE-000869,kapanmadi,NA,147.96,12288.0
CERCEVE-000835,verified,16,470.1,10018.5
CERCEVE-001108,kapanmadi,NA,148.18,12288.0
CERCEVE-001064,kapanmadi,NA,199.28,12288.0
CERCEVE-001004,kapanmadi,NA,212.01,12288.0
CERCEVE-001197,verified,16,79.31,869.7
CERCEVE-001367,verified,16,15.39,227.8
CERCEVE-001332,verified,16,45.9,564.7
CERCEVE-001304,verified,15,54.68,753.1
CERCEVE-001406,verified,16,55.97,624.7
CERCEVE-001584,verified,15,4.19,121.7
CERCEVE-001590,verified,15,4.7,117.5
CERCEVE-001596,verified,15,7.84,122.4
CERCEVE-001602,verified,15,4.5,111.2
CERCEVE-001609,verified,15,4.52,112.0
CERCEVE-001554,verified,15,3.92,112.9
CERCEVE-001557,verified,15,5.06,115.2
CERCEVE-001568,verified,15,4.72,115.3
CERCEVE-001572,verified,15,5.81,120.2
CERCEVE-001579,verified,15,4.49,116.3
CERCEVE-001516,verified,15,5.24,116.1
CERCEVE-001523,verified,15,5.47,117.6
CERCEVE-001535,verified,15,6.26,115.7
CERCEVE-001543,verified,15,3.29,119.0
CERCEVE-001545,verified,15,4.59,120.3
CERCEVE-001681,verified,15,4.83,115.3
CERCEVE-001693,verified,15,4.82,120.4
CERCEVE-001698,verified,15,3.34,120.3
CERCEVE-001703,verified,15,5.3,118.9
CERCEVE-001712,verified,15,5.02,118.7
CERCEVE-001655,verified,15,4.3,112.5
CERCEVE-001661,verified,15,3.57,116.4
CERCEVE-001668,verified,15,5.14,117.5
CERCEVE-001670,verified,15,6.11,118.1
CERCEVE-001678,verified,15,4.62,114.4
CERCEVE-001617,verified,15,3.08,119.6
CERCEVE-001628,verified,15,4.29,117.8
CERCEVE-001634,verified,15,6.19,115.2
CERCEVE-001639,verified,15,5.14,122.3
CERCEVE-001647,verified,15,3.08,117.7
CERCEVE-001786,verified,15,4.75,119.8
CERCEVE-001793,verified,15,5.96,113.7
CERCEVE-001798,verified,15,5.36,123.0
CERCEVE-001802,verified,15,3.4,114.9
CERCEVE-001810,verified,15,6.78,119.3
CERCEVE-001756,verified,15,5.48,117.4
CERCEVE-001759,verified,15,6.26,116.4
CERCEVE-001764,verified,15,3.05,118.5
CERCEVE-001770,verified,15,4.92,126.5
CERCEVE-001775,verified,15,5.26,117.4
CERCEVE-001721,verified,15,6.33,116.1
CERCEVE-001728,verified,15,4.23,113.6
CERCEVE-001736,verified,15,5.65,116.6
CERCEVE-001740,verified,15,5.36,117.0
CERCEVE-001747,verified,15,4.86,126.8
CERCEVE-001887,verified,13,16.17,253.8
CERCEVE-001853,verified,14,270.27,3911.8
CERCEVE-001834,verified,14,29.13,299.0
CERCEVE-001967,kapanmadi,NA,222.44,12288.0
CERCEVE-001940,verified,14,36.7,414.4
CERCEVE-001914,verified,14,53.73,689.0
CERCEVE-002044,verified,14,92.22,700.6
CERCEVE-002022,verified,14,34.21,334.4
CERCEVE-001995,verified,14,1445.52,260.0
CERCEVE-002080,verified,14,11.21,252.5
CERCEVE-002071,verified,13,8.86,139.1
CERCEVE-002064,verified,13,4.17,110.1
CERCEVE-002120,verified,14,2.3,112.4
CERCEVE-002102,verified,13,4.84,151.1
CERCEVE-002176,verified,14,29.95,482.9
CERCEVE-002163,verified,13,8.63,137.1
CERCEVE-002148,verified,13,4.21,154.1
CERCEVE-002244,verified,12,1.82,101.8
CERCEVE-002254,verified,12,4.5,99.6
CERCEVE-002260,verified,12,6.12,104.9
CERCEVE-002264,verified,12,3.06,101.3
CERCEVE-002271,verified,12,1.81,111.2
CERCEVE-002218,verified,12,3.41,91.4
CERCEVE-002224,verified,12,5.02,109.0
CERCEVE-002229,verified,12,3.42,106.1
CERCEVE-002234,verified,12,1.9,98.5
CERCEVE-002241,verified,12,6.0,103.9
CERCEVE-002192,verified,12,3.94,102.4
CERCEVE-002198,verified,12,3.11,104.3
CERCEVE-002200,verified,12,2.49,99.1
CERCEVE-002207,verified,12,3.51,98.3
CERCEVE-002215,verified,12,4.81,108.5
CERCEVE-002331,verified,12,2.32,100.2
CERCEVE-002334,verified,12,1.83,97.2
CERCEVE-002344,verified,12,2.92,112.3
CERCEVE-002347,verified,12,3.77,98.1
CERCEVE-002356,verified,12,2.11,100.2
CERCEVE-002304,verified,12,2.11,97.4
CERCEVE-002310,verified,12,3.39,118.2
CERCEVE-002313,verified,12,4.06,96.6
CERCEVE-002318,verified,12,1.82,93.2
CERCEVE-002327,verified,12,1.66,91.7
CERCEVE-002275,verified,12,3.71,108.3
CERCEVE-002282,verified,12,4.09,101.4
CERCEVE-002285,verified,12,2.43,95.3
CERCEVE-002296,verified,12,1.88,102.9
CERCEVE-002298,verified,12,4.89,99.6
CERCEVE-002416,verified,12,4.19,114.4
CERCEVE-002422,verified,12,2.22,108.5
CERCEVE-002430,verified,12,1.75,99.9
CERCEVE-002433,verified,12,3.94,107.4
CERCEVE-002438,verified,12,4.85,102.9
CERCEVE-002388,verified,12,1.91,93.2
CERCEVE-002395,verified,12,2.01,109.7
CERCEVE-002402,verified,12,4.09,94.0
CERCEVE-002403,verified,12,3.29,93.2
CERCEVE-002408,verified,12,2.04,95.2
CERCEVE-002360,verified,12,1.93,100.5
CERCEVE-002368,verified,12,3.98,111.9
CERCEVE-002373,verified,12,3.91,110.4
CERCEVE-002376,verified,12,1.86,99.3
CERCEVE-002386,verified,12,1.82,99.3
CERCEVE-001680,verified,15,4.29,114.9
CERCEVE-001838,verified,14,28.31,274.7
CERCEVE-000340,verified,14,3.1,127.4
CERCEVE-001010,kapanmadi,NA,264.42,12288.0
CERCEVE-001355,verified,16,13.06,249.9
CERCEVE-000546,verified,12,3.56,102.4
CERCEVE-001879,verified,14,203.35,3102.7
CERCEVE-001296,verified,16,55.89,1209.0
CERCEVE-002124,verified,13,4.23,101.2
