target,control_label,gates_passed,note
COSE-001,ES384,ES384,"first passing gate in the order EdDSA, Ed25519, ES384"
COSE-014,ES384,ES384,"first passing gate in the order EdDSA, Ed25519, ES384"
COSE-034,EdDSA,EdDSA,"first passing gate in the order EdDSA, Ed25519, ES384"
COSE-035,EdDSA,EdDSA;Ed25519,"first passing gate in the order EdDSA, Ed25519, ES384"
COSE-036,EdDSA,EdDSA;Ed25519,"first passing gate in the order EdDSA, Ed25519, ES384"
JOSE-001,ES384,ES384,"first passing gate in the order EdDSA, Ed25519, ES384"
JOSE-002,ES384,ES384,"first passing gate in the order EdDSA, Ed25519, ES384"
JOSE-009,EdDSA,EdDSA;Ed25519;ES384,"first passing gate in the order EdDSA, Ed25519, ES384"
JOSE-031,EdDSA,EdDSA;Ed25519;ES384,"first passing gate in the order EdDSA, Ed25519, ES384"
JOSE-033,EdDSA,EdDSA;ES384,"first passing gate in the order EdDSA, Ed25519, ES384"
JOSE-034,ES384,ES384,"first passing gate in the order EdDSA, Ed25519, ES384"
JOSE-052,ES384,ES384,"first passing gate in the order EdDSA, Ed25519, ES384"
JOSE-055,EdDSA,EdDSA;ES384,"first passing gate in the order EdDSA, Ed25519, ES384"
JOSE-065,ES384,ES384,"first passing gate in the order EdDSA, Ed25519, ES384"
JOSE-070,EdDSA,EdDSA;ES384,"first passing gate in the order EdDSA, Ed25519, ES384"
JOSE-071,EdDSA,EdDSA;ES384,"first passing gate in the order EdDSA, Ed25519, ES384"
JOSE-083,EdDSA,EdDSA;ES384,"first passing gate in the order EdDSA, Ed25519, ES384"
JOSE-084,ES384,ES384,"first passing gate in the order EdDSA, Ed25519, ES384"
JOSE-087,ES384,ES384,"first passing gate in the order EdDSA, Ed25519, ES384"
JOSE-089,ES384,ES384,"first passing gate in the order EdDSA, Ed25519, ES384"
JOSE-091,ES384,ES384,"first passing gate in the order EdDSA, Ed25519, ES384"
JOSE-092,EdDSA,EdDSA;ES384,"first passing gate in the order EdDSA, Ed25519, ES384"
JOSE-102,EdDSA,EdDSA;Ed25519;ES384,"first passing gate in the order EdDSA, Ed25519, ES384"
SDJWT-001,ES384,ES384,"first passing gate in the order EdDSA, Ed25519, ES384"
SDJWT-002,EdDSA,,signature result not enforced (D1); claimed algorithm EdDSA; flagged integrity-failure
SDJWT-004,ES384,ES384,"first passing gate in the order EdDSA, Ed25519, ES384"
SDJWT-010,EdDSA,EdDSA;ES384,"first passing gate in the order EdDSA, Ed25519, ES384"
SDJWT-015,EdDSA,EdDSA;Ed25519,"first passing gate in the order EdDSA, Ed25519, ES384"
SDJWT-018,EdDSA,EdDSA;Ed25519;ES384,"first passing gate in the order EdDSA, Ed25519, ES384"
SDJWT-021,,,no second classical algorithm passes the gate
SDJWT-025,EdDSA,EdDSA,"first passing gate in the order EdDSA, Ed25519, ES384"
