baslangic	2026-09-25T12:41:02Z
hedef	REF-010
ekosistem	kaynak (git) + poetry.lock
paket	acapy-plugins/oid4vc
istenen_surum	git:18c7d1f3c8497e0bc35797d26f3417ce96afeee9
commit	18c7d1f3c8497e0bc35797d26f3417ce96afeee9
commit_kaynagi	git checkout (CERCEVE son_commit_sha)
paket_ozeti	git-tree:d280254dd2736769b9c4d4680b539c21c7e8b151 (oid4vc/ alt ağacı)
kilit_dosyasi	oid4vc/poetry.lock (depodaki; Poetry 2.3.2 üretimi)
kilit_sha256	fb8022ac8853ab6d4d954665735cab3283905ae9c91ec42159941f91eb551ef7
arac	python 3.13.15; Poetry version 2.3.2
bagimlilik_sayisi	90
kurulan_surum	git:18c7d1f3c849
ortam	acapy-agent 1.7.0; cryptography 43.0.3; gömülü OpenSSL 3.3.2 3 Sep 2024; mldsa_modulu=yok
ice_aktar	basarili
bitis	2026-09-25T12:42:08Z
