# Renamed folders and files (English release, 03.10.2026). Old path in the layout before this rename -> new path.
# Folder rows end with "/" and apply to everything below them; file rows give the full new path.
# Older renames (top-level folders, translated documents) are listed in docs/PATHS.md.
old_path	new_path	kind
experiment/environments/_docker/docker_buildx_du_once_2026-09-25_1526.txt	experiment/environments/_docker/docker_buildx_du_before_2026-09-25_1526.txt	file
experiment/environments/_docker/docker_df_once_2026-09-25_1526.txt	experiment/environments/_docker/docker_df_before_2026-09-25_1526.txt	file
experiment/environments/_docker/docker_df_sonra_2026-09-25_2233.txt	experiment/environments/_docker/docker_df_after_2026-09-25_2233.txt	file
experiment/environments/_docker/docker_images_once_2026-09-25_1526.txt	experiment/environments/_docker/docker_images_before_2026-09-25_1526.txt	file
experiment/environments/_docker/docker_images_sonra_2026-09-25_2233.txt	experiment/environments/_docker/docker_images_after_2026-09-25_2233.txt	file
experiment/environments/_docker/docker_ps_once_2026-09-25_1526.txt	experiment/environments/_docker/docker_ps_before_2026-09-25_1526.txt	file
experiment/environments/_docker/docker_ps_sonra_2026-09-25_2233.txt	experiment/environments/_docker/docker_ps_after_2026-09-25_2233.txt	file
experiment/environments/_docker/yeni_imajlar_2026-09-25_2233.txt	experiment/environments/_docker/new_images_2026-09-25_2233.txt	file
experiment/environments/betikler/	experiment/environments/scripts/	folder
experiment/environments/betikler/etiket_coz.py	experiment/environments/scripts/resolve_tags.py	file
experiment/environments/betikler/hedef_listesi.py	experiment/environments/scripts/make_target_list.py	file
experiment/environments/betikler/konteyner/	experiment/environments/scripts/container/	folder
experiment/environments/betikler/konteyner/ortak.sh	experiment/environments/scripts/container/common.sh	file
experiment/environments/betikler/kos.sh	experiment/environments/scripts/run_target.sh	file
experiment/environments/betikler/surum_dayanak.py	experiment/environments/scripts/version_basis.py	file
experiment/environments/betikler/surum_ozet.py	experiment/environments/scripts/version_summary.py	file
experiment/environments/betikler/topla_sonuc.py	experiment/environments/scripts/collect_results.py	file
experiment/environments/derleme-sonuc.csv	experiment/environments/build-results.csv	file
experiment/environments/hedefler/	experiment/environments/targets/	folder
experiment/environments/hedefler/COSE-001/cikti-maven/	experiment/environments/targets/COSE-001/output-maven/	folder
experiment/environments/hedefler/COSE-001/cikti-maven/ice_aktar.txt	experiment/environments/targets/COSE-001/output-maven/import_check.txt	file
experiment/environments/hedefler/COSE-001/cikti-maven/sonuc.tsv	experiment/environments/targets/COSE-001/output-maven/result.tsv	file
experiment/environments/hedefler/COSE-001/cikti/	experiment/environments/targets/COSE-001/output/	folder
experiment/environments/hedefler/COSE-001/cikti/ice_aktar.txt	experiment/environments/targets/COSE-001/output/import_check.txt	file
experiment/environments/hedefler/COSE-001/cikti/sonuc.tsv	experiment/environments/targets/COSE-001/output/result.tsv	file
experiment/environments/hedefler/COSE-001/kur-maven.sh	experiment/environments/targets/COSE-001/install-maven.sh	file
experiment/environments/hedefler/COSE-001/kur.sh	experiment/environments/targets/COSE-001/install.sh	file
experiment/environments/hedefler/COSE-014/cikti/	experiment/environments/targets/COSE-014/output/	folder
experiment/environments/hedefler/COSE-014/cikti/ice_aktar.txt	experiment/environments/targets/COSE-014/output/import_check.txt	file
experiment/environments/hedefler/COSE-014/cikti/sonuc.tsv	experiment/environments/targets/COSE-014/output/result.tsv	file
experiment/environments/hedefler/COSE-014/ice_aktar.mjs	experiment/environments/targets/COSE-014/import_check.mjs	file
experiment/environments/hedefler/COSE-014/kur.sh	experiment/environments/targets/COSE-014/install.sh	file
experiment/environments/hedefler/COSE-034/cikti/	experiment/environments/targets/COSE-034/output/	folder
experiment/environments/hedefler/COSE-034/cikti/ice_aktar.txt	experiment/environments/targets/COSE-034/output/import_check.txt	file
experiment/environments/hedefler/COSE-034/cikti/sonuc.tsv	experiment/environments/targets/COSE-034/output/result.tsv	file
experiment/environments/hedefler/COSE-034/ice_aktar.go	experiment/environments/targets/COSE-034/import_check.go	file
experiment/environments/hedefler/COSE-034/kur.sh	experiment/environments/targets/COSE-034/install.sh	file
experiment/environments/hedefler/COSE-035/cikti/	experiment/environments/targets/COSE-035/output/	folder
experiment/environments/hedefler/COSE-035/cikti/ice_aktar.txt	experiment/environments/targets/COSE-035/output/import_check.txt	file
experiment/environments/hedefler/COSE-035/cikti/mldsa-kaynak.txt	experiment/environments/targets/COSE-035/output/mldsa-source.txt	file
experiment/environments/hedefler/COSE-035/cikti/php-openssl-sabitleri.txt	experiment/environments/targets/COSE-035/output/php-openssl-constants.txt	file
experiment/environments/hedefler/COSE-035/cikti/sonuc.tsv	experiment/environments/targets/COSE-035/output/result.tsv	file
experiment/environments/hedefler/COSE-035/ek.sh	experiment/environments/targets/COSE-035/extra.sh	file
experiment/environments/hedefler/COSE-035/kur.sh	experiment/environments/targets/COSE-035/install.sh	file
experiment/environments/hedefler/COSE-036/cikti/	experiment/environments/targets/COSE-036/output/	folder
experiment/environments/hedefler/COSE-036/cikti/baglanti.c	experiment/environments/targets/COSE-036/output/link.c	file
experiment/environments/hedefler/COSE-036/cikti/ice_aktar.txt	experiment/environments/targets/COSE-036/output/import_check.txt	file
experiment/environments/hedefler/COSE-036/cikti/sonuc.tsv	experiment/environments/targets/COSE-036/output/result.tsv	file
experiment/environments/hedefler/COSE-036/cikti/wolfssl-options-secim.txt	experiment/environments/targets/COSE-036/output/wolfssl-options-selection.txt	file
experiment/environments/hedefler/COSE-036/kur.sh	experiment/environments/targets/COSE-036/install.sh	file
experiment/environments/hedefler/JOSE-001/cikti/	experiment/environments/targets/JOSE-001/output/	folder
experiment/environments/hedefler/JOSE-001/cikti/ice_aktar.txt	experiment/environments/targets/JOSE-001/output/import_check.txt	file
experiment/environments/hedefler/JOSE-001/cikti/sonuc.tsv	experiment/environments/targets/JOSE-001/output/result.tsv	file
experiment/environments/hedefler/JOSE-001/kur.sh	experiment/environments/targets/JOSE-001/install.sh	file
experiment/environments/hedefler/JOSE-002/cikti/	experiment/environments/targets/JOSE-002/output/	folder
experiment/environments/hedefler/JOSE-002/cikti/ice_aktar.txt	experiment/environments/targets/JOSE-002/output/import_check.txt	file
experiment/environments/hedefler/JOSE-002/cikti/sonuc.tsv	experiment/environments/targets/JOSE-002/output/result.tsv	file
experiment/environments/hedefler/JOSE-002/kur.sh	experiment/environments/targets/JOSE-002/install.sh	file
experiment/environments/hedefler/JOSE-009/cikti/	experiment/environments/targets/JOSE-009/output/	folder
experiment/environments/hedefler/JOSE-009/cikti/ice_aktar.txt	experiment/environments/targets/JOSE-009/output/import_check.txt	file
experiment/environments/hedefler/JOSE-009/cikti/sonuc.tsv	experiment/environments/targets/JOSE-009/output/result.tsv	file
experiment/environments/hedefler/JOSE-009/ice_aktar.mjs	experiment/environments/targets/JOSE-009/import_check.mjs	file
experiment/environments/hedefler/JOSE-009/kur.sh	experiment/environments/targets/JOSE-009/install.sh	file
experiment/environments/hedefler/JOSE-017/cikti/	experiment/environments/targets/JOSE-017/output/	folder
experiment/environments/hedefler/JOSE-017/cikti/baglanti.cpp	experiment/environments/targets/JOSE-017/output/link.cpp	file
experiment/environments/hedefler/JOSE-017/cikti/ice_aktar.txt	experiment/environments/targets/JOSE-017/output/import_check.txt	file
experiment/environments/hedefler/JOSE-017/cikti/sonuc.tsv	experiment/environments/targets/JOSE-017/output/result.tsv	file
experiment/environments/hedefler/JOSE-017/kur.sh	experiment/environments/targets/JOSE-017/install.sh	file
experiment/environments/hedefler/JOSE-031/cikti/	experiment/environments/targets/JOSE-031/output/	folder
experiment/environments/hedefler/JOSE-031/cikti/ice_aktar.txt	experiment/environments/targets/JOSE-031/output/import_check.txt	file
experiment/environments/hedefler/JOSE-031/cikti/sonuc.tsv	experiment/environments/targets/JOSE-031/output/result.tsv	file
experiment/environments/hedefler/JOSE-031/kur.sh	experiment/environments/targets/JOSE-031/install.sh	file
experiment/environments/hedefler/JOSE-033/cikti/	experiment/environments/targets/JOSE-033/output/	folder
experiment/environments/hedefler/JOSE-033/cikti/ice_aktar.txt	experiment/environments/targets/JOSE-033/output/import_check.txt	file
experiment/environments/hedefler/JOSE-033/cikti/sonuc.tsv	experiment/environments/targets/JOSE-033/output/result.tsv	file
experiment/environments/hedefler/JOSE-033/ice_aktar.go	experiment/environments/targets/JOSE-033/import_check.go	file
experiment/environments/hedefler/JOSE-033/kur.sh	experiment/environments/targets/JOSE-033/install.sh	file
experiment/environments/hedefler/JOSE-034/cikti/	experiment/environments/targets/JOSE-034/output/	folder
experiment/environments/hedefler/JOSE-034/cikti/ice_aktar.txt	experiment/environments/targets/JOSE-034/output/import_check.txt	file
experiment/environments/hedefler/JOSE-034/cikti/sonuc.tsv	experiment/environments/targets/JOSE-034/output/result.tsv	file
experiment/environments/hedefler/JOSE-034/ice_aktar.go	experiment/environments/targets/JOSE-034/import_check.go	file
experiment/environments/hedefler/JOSE-034/kur.sh	experiment/environments/targets/JOSE-034/install.sh	file
experiment/environments/hedefler/JOSE-052/cikti/	experiment/environments/targets/JOSE-052/output/	folder
experiment/environments/hedefler/JOSE-052/cikti/ice_aktar.txt	experiment/environments/targets/JOSE-052/output/import_check.txt	file
experiment/environments/hedefler/JOSE-052/cikti/sonuc.tsv	experiment/environments/targets/JOSE-052/output/result.tsv	file
experiment/environments/hedefler/JOSE-052/kur.sh	experiment/environments/targets/JOSE-052/install.sh	file
experiment/environments/hedefler/JOSE-055/cikti/	experiment/environments/targets/JOSE-055/output/	folder
experiment/environments/hedefler/JOSE-055/cikti/ice_aktar.txt	experiment/environments/targets/JOSE-055/output/import_check.txt	file
experiment/environments/hedefler/JOSE-055/cikti/sonuc.tsv	experiment/environments/targets/JOSE-055/output/result.tsv	file
experiment/environments/hedefler/JOSE-055/kur.sh	experiment/environments/targets/JOSE-055/install.sh	file
experiment/environments/hedefler/JOSE-065/cikti/	experiment/environments/targets/JOSE-065/output/	folder
experiment/environments/hedefler/JOSE-065/cikti/ice_aktar.txt	experiment/environments/targets/JOSE-065/output/import_check.txt	file
experiment/environments/hedefler/JOSE-065/cikti/sonuc.tsv	experiment/environments/targets/JOSE-065/output/result.tsv	file
experiment/environments/hedefler/JOSE-065/ice_aktar.mjs	experiment/environments/targets/JOSE-065/import_check.mjs	file
experiment/environments/hedefler/JOSE-065/kur.sh	experiment/environments/targets/JOSE-065/install.sh	file
experiment/environments/hedefler/JOSE-070/cikti/	experiment/environments/targets/JOSE-070/output/	folder
experiment/environments/hedefler/JOSE-070/cikti/ice_aktar.txt	experiment/environments/targets/JOSE-070/output/import_check.txt	file
experiment/environments/hedefler/JOSE-070/cikti/sonuc.tsv	experiment/environments/targets/JOSE-070/output/result.tsv	file
experiment/environments/hedefler/JOSE-070/kur.sh	experiment/environments/targets/JOSE-070/install.sh	file
experiment/environments/hedefler/JOSE-071/cikti/	experiment/environments/targets/JOSE-071/output/	folder
experiment/environments/hedefler/JOSE-071/cikti/ice_aktar.txt	experiment/environments/targets/JOSE-071/output/import_check.txt	file
experiment/environments/hedefler/JOSE-071/cikti/sonuc.tsv	experiment/environments/targets/JOSE-071/output/result.tsv	file
experiment/environments/hedefler/JOSE-071/kur.sh	experiment/environments/targets/JOSE-071/install.sh	file
experiment/environments/hedefler/JOSE-083/cikti/	experiment/environments/targets/JOSE-083/output/	folder
experiment/environments/hedefler/JOSE-083/cikti/ice_aktar.txt	experiment/environments/targets/JOSE-083/output/import_check.txt	file
experiment/environments/hedefler/JOSE-083/cikti/ortam.txt	experiment/environments/targets/JOSE-083/output/environment.txt	file
experiment/environments/hedefler/JOSE-083/cikti/sonuc.tsv	experiment/environments/targets/JOSE-083/output/result.tsv	file
experiment/environments/hedefler/JOSE-083/ice_aktar.py	experiment/environments/targets/JOSE-083/import_check.py	file
experiment/environments/hedefler/JOSE-083/kur.sh	experiment/environments/targets/JOSE-083/install.sh	file
experiment/environments/hedefler/JOSE-084/cikti/	experiment/environments/targets/JOSE-084/output/	folder
experiment/environments/hedefler/JOSE-084/cikti/ice_aktar.txt	experiment/environments/targets/JOSE-084/output/import_check.txt	file
experiment/environments/hedefler/JOSE-084/cikti/ortam.txt	experiment/environments/targets/JOSE-084/output/environment.txt	file
experiment/environments/hedefler/JOSE-084/cikti/sonuc.tsv	experiment/environments/targets/JOSE-084/output/result.tsv	file
experiment/environments/hedefler/JOSE-084/ice_aktar.py	experiment/environments/targets/JOSE-084/import_check.py	file
experiment/environments/hedefler/JOSE-084/kur.sh	experiment/environments/targets/JOSE-084/install.sh	file
experiment/environments/hedefler/JOSE-087/cikti/	experiment/environments/targets/JOSE-087/output/	folder
experiment/environments/hedefler/JOSE-087/cikti/ice_aktar.txt	experiment/environments/targets/JOSE-087/output/import_check.txt	file
experiment/environments/hedefler/JOSE-087/cikti/sonuc.tsv	experiment/environments/targets/JOSE-087/output/result.tsv	file
experiment/environments/hedefler/JOSE-087/ice_aktar.rb	experiment/environments/targets/JOSE-087/import_check.rb	file
experiment/environments/hedefler/JOSE-087/kur.sh	experiment/environments/targets/JOSE-087/install.sh	file
experiment/environments/hedefler/JOSE-089/cikti/	experiment/environments/targets/JOSE-089/output/	folder
experiment/environments/hedefler/JOSE-089/cikti/ice_aktar.txt	experiment/environments/targets/JOSE-089/output/import_check.txt	file
experiment/environments/hedefler/JOSE-089/cikti/sonuc.tsv	experiment/environments/targets/JOSE-089/output/result.tsv	file
experiment/environments/hedefler/JOSE-089/ice_aktar.rb	experiment/environments/targets/JOSE-089/import_check.rb	file
experiment/environments/hedefler/JOSE-089/kur.sh	experiment/environments/targets/JOSE-089/install.sh	file
experiment/environments/hedefler/JOSE-091/cikti/	experiment/environments/targets/JOSE-091/output/	folder
experiment/environments/hedefler/JOSE-091/cikti/ice_aktar.txt	experiment/environments/targets/JOSE-091/output/import_check.txt	file
experiment/environments/hedefler/JOSE-091/cikti/sonuc.tsv	experiment/environments/targets/JOSE-091/output/result.tsv	file
experiment/environments/hedefler/JOSE-091/kur.sh	experiment/environments/targets/JOSE-091/install.sh	file
experiment/environments/hedefler/JOSE-092/cikti/	experiment/environments/targets/JOSE-092/output/	folder
experiment/environments/hedefler/JOSE-092/cikti/ice_aktar.txt	experiment/environments/targets/JOSE-092/output/import_check.txt	file
experiment/environments/hedefler/JOSE-092/cikti/sonuc.tsv	experiment/environments/targets/JOSE-092/output/result.tsv	file
experiment/environments/hedefler/JOSE-092/kur.sh	experiment/environments/targets/JOSE-092/install.sh	file
experiment/environments/hedefler/JOSE-102/cikti/	experiment/environments/targets/JOSE-102/output/	folder
experiment/environments/hedefler/JOSE-102/cikti/ice_aktar.txt	experiment/environments/targets/JOSE-102/output/import_check.txt	file
experiment/environments/hedefler/JOSE-102/cikti/mldsa-kosullar.txt	experiment/environments/targets/JOSE-102/output/mldsa-conditions.txt	file
experiment/environments/hedefler/JOSE-102/cikti/sonuc.tsv	experiment/environments/targets/JOSE-102/output/result.tsv	file
experiment/environments/hedefler/JOSE-102/ek.sh	experiment/environments/targets/JOSE-102/extra.sh	file
experiment/environments/hedefler/JOSE-102/kur.sh	experiment/environments/targets/JOSE-102/install.sh	file
experiment/environments/hedefler/JOSE-104/cikti/	experiment/environments/targets/JOSE-104/output/	folder
experiment/environments/hedefler/JOSE-104/cikti/sonuc.tsv	experiment/environments/targets/JOSE-104/output/result.tsv	file
experiment/environments/hedefler/JOSE-104/kur.sh	experiment/environments/targets/JOSE-104/install.sh	file
experiment/environments/hedefler/REF-003/cikti/	experiment/environments/targets/REF-003/output/	folder
experiment/environments/hedefler/REF-003/cikti/ice_aktar.txt	experiment/environments/targets/REF-003/output/import_check.txt	file
experiment/environments/hedefler/REF-003/cikti/kripto-bagimliliklari.txt	experiment/environments/targets/REF-003/output/crypto-dependencies.txt	file
experiment/environments/hedefler/REF-003/cikti/sonuc.tsv	experiment/environments/targets/REF-003/output/result.tsv	file
experiment/environments/hedefler/REF-003/kur.sh	experiment/environments/targets/REF-003/install.sh	file
experiment/environments/hedefler/REF-010/cikti/	experiment/environments/targets/REF-010/output/	folder
experiment/environments/hedefler/REF-010/cikti/ice_aktar.txt	experiment/environments/targets/REF-010/output/import_check.txt	file
experiment/environments/hedefler/REF-010/cikti/ortam.txt	experiment/environments/targets/REF-010/output/environment.txt	file
experiment/environments/hedefler/REF-010/cikti/sonuc.tsv	experiment/environments/targets/REF-010/output/result.tsv	file
experiment/environments/hedefler/REF-010/ice_aktar.py	experiment/environments/targets/REF-010/import_check.py	file
experiment/environments/hedefler/REF-010/kur.sh	experiment/environments/targets/REF-010/install.sh	file
experiment/environments/hedefler/REF-011/cikti/	experiment/environments/targets/REF-011/output/	folder
experiment/environments/hedefler/REF-011/cikti/ice_aktar.txt	experiment/environments/targets/REF-011/output/import_check.txt	file
experiment/environments/hedefler/REF-011/cikti/sonuc.tsv	experiment/environments/targets/REF-011/output/result.tsv	file
experiment/environments/hedefler/REF-011/ice_aktar.mjs	experiment/environments/targets/REF-011/import_check.mjs	file
experiment/environments/hedefler/REF-011/kur.sh	experiment/environments/targets/REF-011/install.sh	file
experiment/environments/hedefler/SDJWT-001/cikti-maven/	experiment/environments/targets/SDJWT-001/output-maven/	folder
experiment/environments/hedefler/SDJWT-001/cikti-maven/ice_aktar.txt	experiment/environments/targets/SDJWT-001/output-maven/import_check.txt	file
experiment/environments/hedefler/SDJWT-001/cikti-maven/sonuc.tsv	experiment/environments/targets/SDJWT-001/output-maven/result.tsv	file
experiment/environments/hedefler/SDJWT-001/cikti/	experiment/environments/targets/SDJWT-001/output/	folder
experiment/environments/hedefler/SDJWT-001/cikti/ice_aktar.txt	experiment/environments/targets/SDJWT-001/output/import_check.txt	file
experiment/environments/hedefler/SDJWT-001/cikti/sonuc.tsv	experiment/environments/targets/SDJWT-001/output/result.tsv	file
experiment/environments/hedefler/SDJWT-001/kur-maven.sh	experiment/environments/targets/SDJWT-001/install-maven.sh	file
experiment/environments/hedefler/SDJWT-001/kur.sh	experiment/environments/targets/SDJWT-001/install.sh	file
experiment/environments/hedefler/SDJWT-002/cikti/	experiment/environments/targets/SDJWT-002/output/	folder
experiment/environments/hedefler/SDJWT-002/cikti/ice_aktar.txt	experiment/environments/targets/SDJWT-002/output/import_check.txt	file
experiment/environments/hedefler/SDJWT-002/cikti/sonuc.tsv	experiment/environments/targets/SDJWT-002/output/result.tsv	file
experiment/environments/hedefler/SDJWT-002/kur.sh	experiment/environments/targets/SDJWT-002/install.sh	file
experiment/environments/hedefler/SDJWT-004/cikti/	experiment/environments/targets/SDJWT-004/output/	folder
experiment/environments/hedefler/SDJWT-004/cikti/ice_aktar.txt	experiment/environments/targets/SDJWT-004/output/import_check.txt	file
experiment/environments/hedefler/SDJWT-004/cikti/sonuc.tsv	experiment/environments/targets/SDJWT-004/output/result.tsv	file
experiment/environments/hedefler/SDJWT-004/kur.sh	experiment/environments/targets/SDJWT-004/install.sh	file
experiment/environments/hedefler/SDJWT-010/cikti/	experiment/environments/targets/SDJWT-010/output/	folder
experiment/environments/hedefler/SDJWT-010/cikti/ice_aktar.txt	experiment/environments/targets/SDJWT-010/output/import_check.txt	file
experiment/environments/hedefler/SDJWT-010/cikti/sonuc.tsv	experiment/environments/targets/SDJWT-010/output/result.tsv	file
experiment/environments/hedefler/SDJWT-010/kur.sh	experiment/environments/targets/SDJWT-010/install.sh	file
experiment/environments/hedefler/SDJWT-015/cikti/	experiment/environments/targets/SDJWT-015/output/	folder
experiment/environments/hedefler/SDJWT-015/cikti/ice_aktar.txt	experiment/environments/targets/SDJWT-015/output/import_check.txt	file
experiment/environments/hedefler/SDJWT-015/cikti/sonuc.tsv	experiment/environments/targets/SDJWT-015/output/result.tsv	file
experiment/environments/hedefler/SDJWT-015/ice_aktar.mjs	experiment/environments/targets/SDJWT-015/import_check.mjs	file
experiment/environments/hedefler/SDJWT-015/kur.sh	experiment/environments/targets/SDJWT-015/install.sh	file
experiment/environments/hedefler/SDJWT-018/cikti/	experiment/environments/targets/SDJWT-018/output/	folder
experiment/environments/hedefler/SDJWT-018/cikti/ice_aktar.txt	experiment/environments/targets/SDJWT-018/output/import_check.txt	file
experiment/environments/hedefler/SDJWT-018/cikti/ortam.txt	experiment/environments/targets/SDJWT-018/output/environment.txt	file
experiment/environments/hedefler/SDJWT-018/cikti/sonuc.tsv	experiment/environments/targets/SDJWT-018/output/result.tsv	file
experiment/environments/hedefler/SDJWT-018/ice_aktar.py	experiment/environments/targets/SDJWT-018/import_check.py	file
experiment/environments/hedefler/SDJWT-018/kur.sh	experiment/environments/targets/SDJWT-018/install.sh	file
experiment/environments/hedefler/SDJWT-021/cikti/	experiment/environments/targets/SDJWT-021/output/	folder
experiment/environments/hedefler/SDJWT-021/cikti/ice_aktar.txt	experiment/environments/targets/SDJWT-021/output/import_check.txt	file
experiment/environments/hedefler/SDJWT-021/cikti/sonuc.tsv	experiment/environments/targets/SDJWT-021/output/result.tsv	file
experiment/environments/hedefler/SDJWT-021/kur.sh	experiment/environments/targets/SDJWT-021/install.sh	file
experiment/environments/hedefler/SDJWT-025/cikti/	experiment/environments/targets/SDJWT-025/output/	folder
experiment/environments/hedefler/SDJWT-025/cikti/ice_aktar.txt	experiment/environments/targets/SDJWT-025/output/import_check.txt	file
experiment/environments/hedefler/SDJWT-025/cikti/sonuc.tsv	experiment/environments/targets/SDJWT-025/output/result.tsv	file
experiment/environments/hedefler/SDJWT-025/kur.sh	experiment/environments/targets/SDJWT-025/install.sh	file
experiment/environments/hedefler/_bilgi-COSE-034-HEAD/	experiment/environments/targets/_info-COSE-034-HEAD/	folder
experiment/environments/hedefler/_bilgi-COSE-034-HEAD/cikti/	experiment/environments/targets/_info-COSE-034-HEAD/output/	folder
experiment/environments/hedefler/_bilgi-COSE-034-HEAD/cikti/ice_aktar.txt	experiment/environments/targets/_info-COSE-034-HEAD/output/import_check.txt	file
experiment/environments/hedefler/_bilgi-COSE-034-HEAD/cikti/sonuc.tsv	experiment/environments/targets/_info-COSE-034-HEAD/output/result.tsv	file
experiment/environments/hedefler/_bilgi-COSE-034-HEAD/ice_aktar.go	experiment/environments/targets/_info-COSE-034-HEAD/import_check.go	file
experiment/environments/hedefler/_bilgi-COSE-034-HEAD/kur.sh	experiment/environments/targets/_info-COSE-034-HEAD/install.sh	file
experiment/environments/hedefler/_bilgi-COSE-035-HEAD/	experiment/environments/targets/_info-COSE-035-HEAD/	folder
experiment/environments/hedefler/_bilgi-COSE-035-HEAD/cikti/	experiment/environments/targets/_info-COSE-035-HEAD/output/	folder
experiment/environments/hedefler/_bilgi-COSE-035-HEAD/cikti/ice_aktar.txt	experiment/environments/targets/_info-COSE-035-HEAD/output/import_check.txt	file
experiment/environments/hedefler/_bilgi-COSE-035-HEAD/cikti/sonuc.tsv	experiment/environments/targets/_info-COSE-035-HEAD/output/result.tsv	file
experiment/environments/hedefler/_bilgi-COSE-035-HEAD/kur.sh	experiment/environments/targets/_info-COSE-035-HEAD/install.sh	file
experiment/environments/hedefler/_bilgi-JOSE-092-rust_crypto/	experiment/environments/targets/_info-JOSE-092-rust_crypto/	folder
experiment/environments/hedefler/_bilgi-JOSE-092-rust_crypto/cikti/	experiment/environments/targets/_info-JOSE-092-rust_crypto/output/	folder
experiment/environments/hedefler/_bilgi-JOSE-092-rust_crypto/cikti/ice_aktar.txt	experiment/environments/targets/_info-JOSE-092-rust_crypto/output/import_check.txt	file
experiment/environments/hedefler/_bilgi-JOSE-092-rust_crypto/cikti/sonuc.tsv	experiment/environments/targets/_info-JOSE-092-rust_crypto/output/result.tsv	file
experiment/environments/hedefler/_bilgi-JOSE-092-rust_crypto/kur.sh	experiment/environments/targets/_info-JOSE-092-rust_crypto/install.sh	file
experiment/environments/hedefler/_bilgi-JOSE-102-mldsa-spi/	experiment/environments/targets/_info-JOSE-102-mldsa-spi/	folder
experiment/environments/hedefler/_bilgi-JOSE-102-mldsa-spi/cikti/	experiment/environments/targets/_info-JOSE-102-mldsa-spi/output/	folder
experiment/environments/hedefler/_bilgi-JOSE-102-mldsa-spi/cikti/ice_aktar.txt	experiment/environments/targets/_info-JOSE-102-mldsa-spi/output/import_check.txt	file
experiment/environments/hedefler/_bilgi-JOSE-102-mldsa-spi/cikti/sonuc.tsv	experiment/environments/targets/_info-JOSE-102-mldsa-spi/output/result.tsv	file
experiment/environments/hedefler/_bilgi-JOSE-102-mldsa-spi/kur.sh	experiment/environments/targets/_info-JOSE-102-mldsa-spi/install.sh	file
experiment/environments/hedefler/_bilgi-SDJWT-021-SdJwtLib/	experiment/environments/targets/_info-SDJWT-021-SdJwtLib/	folder
experiment/environments/hedefler/_bilgi-SDJWT-021-SdJwtLib/cikti/	experiment/environments/targets/_info-SDJWT-021-SdJwtLib/output/	folder
experiment/environments/hedefler/_bilgi-SDJWT-021-SdJwtLib/cikti/ice_aktar.txt	experiment/environments/targets/_info-SDJWT-021-SdJwtLib/output/import_check.txt	file
experiment/environments/hedefler/_bilgi-SDJWT-021-SdJwtLib/cikti/sonuc.tsv	experiment/environments/targets/_info-SDJWT-021-SdJwtLib/output/result.tsv	file
experiment/environments/hedefler/_bilgi-SDJWT-021-SdJwtLib/kur.sh	experiment/environments/targets/_info-SDJWT-021-SdJwtLib/install.sh	file
experiment/environments/hedefler/_bilgi-SDJWT-025-ozellik/	experiment/environments/targets/_info-SDJWT-025-feature/	folder
experiment/environments/hedefler/_bilgi-SDJWT-025-ozellik/cikti/	experiment/environments/targets/_info-SDJWT-025-feature/output/	folder
experiment/environments/hedefler/_bilgi-SDJWT-025-ozellik/cikti/ice_aktar.txt	experiment/environments/targets/_info-SDJWT-025-feature/output/import_check.txt	file
experiment/environments/hedefler/_bilgi-SDJWT-025-ozellik/cikti/sonuc.tsv	experiment/environments/targets/_info-SDJWT-025-feature/output/result.tsv	file
experiment/environments/hedefler/_bilgi-SDJWT-025-ozellik/kur.sh	experiment/environments/targets/_info-SDJWT-025-feature/install.sh	file
experiment/environments/imajlar/	experiment/environments/images/	folder
experiment/environments/imajlar/dotnet/yetenek/	experiment/environments/images/dotnet/capability/	folder
experiment/environments/kayit/	experiment/environments/records/	folder
experiment/environments/kayit/COSE-001.kosu.json	experiment/environments/records/COSE-001.run.json	file
experiment/environments/kayit/COSE-001.kosu.jsonl	experiment/environments/records/COSE-001.run.jsonl	file
experiment/environments/kayit/COSE-014.kosu.json	experiment/environments/records/COSE-014.run.json	file
experiment/environments/kayit/COSE-014.kosu.jsonl	experiment/environments/records/COSE-014.run.jsonl	file
experiment/environments/kayit/COSE-034.kosu.json	experiment/environments/records/COSE-034.run.json	file
experiment/environments/kayit/COSE-034.kosu.jsonl	experiment/environments/records/COSE-034.run.jsonl	file
experiment/environments/kayit/COSE-035.kosu.json	experiment/environments/records/COSE-035.run.json	file
experiment/environments/kayit/COSE-035.kosu.jsonl	experiment/environments/records/COSE-035.run.jsonl	file
experiment/environments/kayit/COSE-036.kosu.json	experiment/environments/records/COSE-036.run.json	file
experiment/environments/kayit/COSE-036.kosu.jsonl	experiment/environments/records/COSE-036.run.jsonl	file
experiment/environments/kayit/JOSE-001.kosu.json	experiment/environments/records/JOSE-001.run.json	file
experiment/environments/kayit/JOSE-001.kosu.jsonl	experiment/environments/records/JOSE-001.run.jsonl	file
experiment/environments/kayit/JOSE-002.kosu.json	experiment/environments/records/JOSE-002.run.json	file
experiment/environments/kayit/JOSE-002.kosu.jsonl	experiment/environments/records/JOSE-002.run.jsonl	file
experiment/environments/kayit/JOSE-009.kosu.json	experiment/environments/records/JOSE-009.run.json	file
experiment/environments/kayit/JOSE-009.kosu.jsonl	experiment/environments/records/JOSE-009.run.jsonl	file
experiment/environments/kayit/JOSE-017.kosu.json	experiment/environments/records/JOSE-017.run.json	file
experiment/environments/kayit/JOSE-017.kosu.jsonl	experiment/environments/records/JOSE-017.run.jsonl	file
experiment/environments/kayit/JOSE-031.kosu.json	experiment/environments/records/JOSE-031.run.json	file
experiment/environments/kayit/JOSE-031.kosu.jsonl	experiment/environments/records/JOSE-031.run.jsonl	file
experiment/environments/kayit/JOSE-033.kosu.json	experiment/environments/records/JOSE-033.run.json	file
experiment/environments/kayit/JOSE-033.kosu.jsonl	experiment/environments/records/JOSE-033.run.jsonl	file
experiment/environments/kayit/JOSE-034.kosu.json	experiment/environments/records/JOSE-034.run.json	file
experiment/environments/kayit/JOSE-034.kosu.jsonl	experiment/environments/records/JOSE-034.run.jsonl	file
experiment/environments/kayit/JOSE-052.kosu.json	experiment/environments/records/JOSE-052.run.json	file
experiment/environments/kayit/JOSE-052.kosu.jsonl	experiment/environments/records/JOSE-052.run.jsonl	file
experiment/environments/kayit/JOSE-055.kosu.json	experiment/environments/records/JOSE-055.run.json	file
experiment/environments/kayit/JOSE-055.kosu.jsonl	experiment/environments/records/JOSE-055.run.jsonl	file
experiment/environments/kayit/JOSE-065.kosu.json	experiment/environments/records/JOSE-065.run.json	file
experiment/environments/kayit/JOSE-065.kosu.jsonl	experiment/environments/records/JOSE-065.run.jsonl	file
experiment/environments/kayit/JOSE-070.kosu.json	experiment/environments/records/JOSE-070.run.json	file
experiment/environments/kayit/JOSE-070.kosu.jsonl	experiment/environments/records/JOSE-070.run.jsonl	file
experiment/environments/kayit/JOSE-071.kosu.json	experiment/environments/records/JOSE-071.run.json	file
experiment/environments/kayit/JOSE-071.kosu.jsonl	experiment/environments/records/JOSE-071.run.jsonl	file
experiment/environments/kayit/JOSE-083.kosu.json	experiment/environments/records/JOSE-083.run.json	file
experiment/environments/kayit/JOSE-083.kosu.jsonl	experiment/environments/records/JOSE-083.run.jsonl	file
experiment/environments/kayit/JOSE-084.kosu.json	experiment/environments/records/JOSE-084.run.json	file
experiment/environments/kayit/JOSE-084.kosu.jsonl	experiment/environments/records/JOSE-084.run.jsonl	file
experiment/environments/kayit/JOSE-087.kosu.json	experiment/environments/records/JOSE-087.run.json	file
experiment/environments/kayit/JOSE-087.kosu.jsonl	experiment/environments/records/JOSE-087.run.jsonl	file
experiment/environments/kayit/JOSE-089.kosu.json	experiment/environments/records/JOSE-089.run.json	file
experiment/environments/kayit/JOSE-089.kosu.jsonl	experiment/environments/records/JOSE-089.run.jsonl	file
experiment/environments/kayit/JOSE-091.kosu.json	experiment/environments/records/JOSE-091.run.json	file
experiment/environments/kayit/JOSE-091.kosu.jsonl	experiment/environments/records/JOSE-091.run.jsonl	file
experiment/environments/kayit/JOSE-092.kosu.json	experiment/environments/records/JOSE-092.run.json	file
experiment/environments/kayit/JOSE-092.kosu.jsonl	experiment/environments/records/JOSE-092.run.jsonl	file
experiment/environments/kayit/JOSE-102.kosu.json	experiment/environments/records/JOSE-102.run.json	file
experiment/environments/kayit/JOSE-102.kosu.jsonl	experiment/environments/records/JOSE-102.run.jsonl	file
experiment/environments/kayit/JOSE-104.kosu.json	experiment/environments/records/JOSE-104.run.json	file
experiment/environments/kayit/JOSE-104.kosu.jsonl	experiment/environments/records/JOSE-104.run.jsonl	file
experiment/environments/kayit/REF-003.kosu.json	experiment/environments/records/REF-003.run.json	file
experiment/environments/kayit/REF-003.kosu.jsonl	experiment/environments/records/REF-003.run.jsonl	file
experiment/environments/kayit/REF-010.kosu.json	experiment/environments/records/REF-010.run.json	file
experiment/environments/kayit/REF-010.kosu.jsonl	experiment/environments/records/REF-010.run.jsonl	file
experiment/environments/kayit/REF-011.kosu.json	experiment/environments/records/REF-011.run.json	file
experiment/environments/kayit/REF-011.kosu.jsonl	experiment/environments/records/REF-011.run.jsonl	file
experiment/environments/kayit/SDJWT-001.kosu.json	experiment/environments/records/SDJWT-001.run.json	file
experiment/environments/kayit/SDJWT-001.kosu.jsonl	experiment/environments/records/SDJWT-001.run.jsonl	file
experiment/environments/kayit/SDJWT-002.kosu.json	experiment/environments/records/SDJWT-002.run.json	file
experiment/environments/kayit/SDJWT-002.kosu.jsonl	experiment/environments/records/SDJWT-002.run.jsonl	file
experiment/environments/kayit/SDJWT-004.kosu.json	experiment/environments/records/SDJWT-004.run.json	file
experiment/environments/kayit/SDJWT-004.kosu.jsonl	experiment/environments/records/SDJWT-004.run.jsonl	file
experiment/environments/kayit/SDJWT-010.kosu.json	experiment/environments/records/SDJWT-010.run.json	file
experiment/environments/kayit/SDJWT-010.kosu.jsonl	experiment/environments/records/SDJWT-010.run.jsonl	file
experiment/environments/kayit/SDJWT-015.kosu.json	experiment/environments/records/SDJWT-015.run.json	file
experiment/environments/kayit/SDJWT-015.kosu.jsonl	experiment/environments/records/SDJWT-015.run.jsonl	file
experiment/environments/kayit/SDJWT-018.kosu.json	experiment/environments/records/SDJWT-018.run.json	file
experiment/environments/kayit/SDJWT-018.kosu.jsonl	experiment/environments/records/SDJWT-018.run.jsonl	file
experiment/environments/kayit/SDJWT-021.kosu.json	experiment/environments/records/SDJWT-021.run.json	file
experiment/environments/kayit/SDJWT-021.kosu.jsonl	experiment/environments/records/SDJWT-021.run.jsonl	file
experiment/environments/kayit/SDJWT-025.kosu.json	experiment/environments/records/SDJWT-025.run.json	file
experiment/environments/kayit/SDJWT-025.kosu.jsonl	experiment/environments/records/SDJWT-025.run.jsonl	file
experiment/environments/kayit/_bilgi-COSE-034-HEAD.kosu.json	experiment/environments/records/_info-COSE-034-HEAD.run.json	file
experiment/environments/kayit/_bilgi-COSE-034-HEAD.kosu.jsonl	experiment/environments/records/_info-COSE-034-HEAD.run.jsonl	file
experiment/environments/kayit/_bilgi-COSE-035-HEAD.kosu.json	experiment/environments/records/_info-COSE-035-HEAD.run.json	file
experiment/environments/kayit/_bilgi-COSE-035-HEAD.kosu.jsonl	experiment/environments/records/_info-COSE-035-HEAD.run.jsonl	file
experiment/environments/kayit/_bilgi-JOSE-092-rust_crypto.kosu.json	experiment/environments/records/_info-JOSE-092-rust_crypto.run.json	file
experiment/environments/kayit/_bilgi-JOSE-092-rust_crypto.kosu.jsonl	experiment/environments/records/_info-JOSE-092-rust_crypto.run.jsonl	file
experiment/environments/kayit/_bilgi-JOSE-102-mldsa-spi.kosu.json	experiment/environments/records/_info-JOSE-102-mldsa-spi.run.json	file
experiment/environments/kayit/_bilgi-JOSE-102-mldsa-spi.kosu.jsonl	experiment/environments/records/_info-JOSE-102-mldsa-spi.run.jsonl	file
experiment/environments/kayit/_bilgi-SDJWT-021-SdJwtLib.kosu.json	experiment/environments/records/_info-SDJWT-021-SdJwtLib.run.json	file
experiment/environments/kayit/_bilgi-SDJWT-021-SdJwtLib.kosu.jsonl	experiment/environments/records/_info-SDJWT-021-SdJwtLib.run.jsonl	file
experiment/environments/kayit/_bilgi-SDJWT-025-ozellik.kosu.json	experiment/environments/records/_info-SDJWT-025-feature.run.json	file
experiment/environments/kayit/_bilgi-SDJWT-025-ozellik.kosu.jsonl	experiment/environments/records/_info-SDJWT-025-feature.run.jsonl	file
experiment/environments/kayit/degisiklikler.csv	experiment/environments/records/changes.csv	file
experiment/environments/kayit/hedef_listesi.csv	experiment/environments/records/target_list.csv	file
experiment/environments/kayit/notlar.csv	experiment/environments/records/notes.csv	file
experiment/environments/kayit/surum_commit.csv	experiment/environments/records/version_commit.csv	file
experiment/environments/kayit/surum_dayanak.csv	experiment/environments/records/version_basis.csv	file
experiment/environments/kayit/surum_ozet.csv	experiment/environments/records/version_summary.csv	file
experiment/environments/loglar/	experiment/environments/logs/	folder
experiment/environments/loglar/COSE-035-deneme1.log	experiment/environments/logs/COSE-035-attempt1.log	file
experiment/environments/loglar/COSE-035-deneme2.log	experiment/environments/logs/COSE-035-attempt2.log	file
experiment/environments/loglar/COSE-035-deneme3.log	experiment/environments/logs/COSE-035-attempt3.log	file
experiment/environments/loglar/COSE-036-deneme1.log	experiment/environments/logs/COSE-036-attempt1.log	file
experiment/environments/loglar/JOSE-001-deneme1.log	experiment/environments/logs/JOSE-001-attempt1.log	file
experiment/environments/loglar/JOSE-002-deneme1.log	experiment/environments/logs/JOSE-002-attempt1.log	file
experiment/environments/loglar/JOSE-070-deneme1.log	experiment/environments/logs/JOSE-070-attempt1.log	file
experiment/environments/loglar/JOSE-070-deneme2.log	experiment/environments/logs/JOSE-070-attempt2.log	file
experiment/environments/loglar/JOSE-071-deneme1.log	experiment/environments/logs/JOSE-071-attempt1.log	file
experiment/environments/loglar/JOSE-071-deneme2.log	experiment/environments/logs/JOSE-071-attempt2.log	file
experiment/environments/loglar/JOSE-104-deneme1.log	experiment/environments/logs/JOSE-104-attempt1.log	file
experiment/environments/loglar/REF-003-deneme1.log	experiment/environments/logs/REF-003-attempt1.log	file
experiment/environments/loglar/REF-003-deneme2.log	experiment/environments/logs/REF-003-attempt2.log	file
experiment/environments/loglar/SDJWT-002-deneme1.log	experiment/environments/logs/SDJWT-002-attempt1.log	file
experiment/environments/loglar/SDJWT-021-deneme1.log	experiment/environments/logs/SDJWT-021-attempt1.log	file
experiment/environments/loglar/_bilgi-COSE-034-HEAD.log	experiment/environments/logs/_info-COSE-034-HEAD.log	file
experiment/environments/loglar/_bilgi-COSE-035-HEAD-deneme1.log	experiment/environments/logs/_info-COSE-035-HEAD-attempt1.log	file
experiment/environments/loglar/_bilgi-COSE-035-HEAD.log	experiment/environments/logs/_info-COSE-035-HEAD.log	file
experiment/environments/loglar/_bilgi-JOSE-092-rust_crypto.log	experiment/environments/logs/_info-JOSE-092-rust_crypto.log	file
experiment/environments/loglar/_bilgi-JOSE-102-mldsa-spi.log	experiment/environments/logs/_info-JOSE-102-mldsa-spi.log	file
experiment/environments/loglar/_bilgi-SDJWT-021-SdJwtLib.log	experiment/environments/logs/_info-SDJWT-021-SdJwtLib.log	file
experiment/environments/loglar/_bilgi-SDJWT-025-ozellik.log	experiment/environments/logs/_info-SDJWT-025-feature.log	file
experiment/environments/loglar/imaj-c.log	experiment/environments/logs/image-c.log	file
experiment/environments/loglar/imaj-dart.log	experiment/environments/logs/image-dart.log	file
experiment/environments/loglar/imaj-dotnet.log	experiment/environments/logs/image-dotnet.log	file
experiment/environments/loglar/imaj-elixir.log	experiment/environments/logs/image-elixir.log	file
experiment/environments/loglar/imaj-go.log	experiment/environments/logs/image-go.log	file
experiment/environments/loglar/imaj-jvm.log	experiment/environments/logs/image-jvm.log	file
experiment/environments/loglar/imaj-node.log	experiment/environments/logs/image-node.log	file
experiment/environments/loglar/imaj-php.log	experiment/environments/logs/image-php.log	file
experiment/environments/loglar/imaj-python.log	experiment/environments/logs/image-python.log	file
experiment/environments/loglar/imaj-ruby.log	experiment/environments/logs/image-ruby.log	file
experiment/environments/loglar/imaj-rust.log	experiment/environments/logs/image-rust.log	file
experiment/environments/loglar/imaj-swift.log	experiment/environments/logs/image-swift.log	file
experiment/inventory/CERCEVE.csv	experiment/inventory/FRAME.csv	file
experiment/inventory/ESIK-DUYARLILIK.csv	experiment/inventory/THRESHOLD-SENSITIVITY.csv	file
experiment/inventory/SECIM.csv	experiment/inventory/SELECTION.csv	file
experiment/inventory/TARAMA.csv	experiment/inventory/SCREENING.csv	file
experiment/inventory/destek_kanitlari.csv	experiment/inventory/support_evidence.csv	file
experiment/inventory/elle_bayraklar.csv	experiment/inventory/manual_flags.csv	file
experiment/inventory/jwtio_esleme.csv	experiment/inventory/jwtio_mapping.csv	file
experiment/inventory/tarama_kararlari.csv	experiment/inventory/screening_decisions.csv	file
experiment/inventory/topla.py	experiment/inventory/collect.py	file
experiment/inventory/topla_kayit.json	experiment/inventory/collect_record.json	file
experiment/oracle/birlesik/	experiment/oracle/merged/	folder
experiment/oracle/birlesik/OZET.json	experiment/oracle/merged/SUMMARY.json	file
experiment/oracle/birlesik/OZET_v14.json	experiment/oracle/merged/SUMMARY_v14.json	file
experiment/oracle/birlesik/karar_v13.tsv	experiment/oracle/merged/decisions_v13.tsv	file
experiment/oracle/birlesik/karar_v14.tsv	experiment/oracle/merged/decisions_v14.tsv	file
experiment/oracle/birlesik/turet_v13.py	experiment/oracle/merged/derive_v13.py	file
experiment/oracle/birlesik/turet_v14.py	experiment/oracle/merged/derive_v14.py	file
experiment/oracle/oracle-A/insa_denetimi.txt	experiment/oracle/oracle-A/construction_audit.txt	file
experiment/oracle/oracle-A/karar.tsv	experiment/oracle/oracle-A/decisions.tsv	file
experiment/oracle/oracle-A/karar_ozet.json	experiment/oracle/oracle-A/decisions_summary.json	file
experiment/oracle/oracle-A/karar_uret.py	experiment/oracle/oracle-A/make_decisions.py	file
experiment/oracle/oracle-A/maddeler.tsv	experiment/oracle/oracle-A/items.tsv	file
experiment/oracle/oracle-B/karar.tsv	experiment/oracle/oracle-B/decisions.tsv	file
experiment/oracle/oracle-B/turet_karar.py	experiment/oracle/oracle-B/derive_decisions.py	file
experiment/runs/adapters/COSE-001/evidence/api-tarama.txt	experiment/runs/adapters/COSE-001/evidence/api-scan.txt	file
experiment/runs/adapters/COSE-014/evidence/api-tarama.txt	experiment/runs/adapters/COSE-014/evidence/api-scan.txt	file
experiment/runs/adapters/COSE-034/evidence/api-tarama.txt	experiment/runs/adapters/COSE-034/evidence/api-scan.txt	file
experiment/runs/adapters/COSE-035/evidence/api-tarama.txt	experiment/runs/adapters/COSE-035/evidence/api-scan.txt	file
experiment/runs/adapters/COSE-035/evidence/duman-testi.txt	experiment/runs/adapters/COSE-035/evidence/smoke-test.txt	file
experiment/runs/adapters/COSE-035/evidence/sentetik_cose.py	experiment/runs/adapters/COSE-035/evidence/make_synthetic_cose.py	file
experiment/runs/adapters/COSE-035/evidence/vpm-kosu.txt	experiment/runs/adapters/COSE-035/evidence/vpm-run.txt	file
experiment/runs/adapters/COSE-036/evidence/api-tarama.txt	experiment/runs/adapters/COSE-036/evidence/api-scan.txt	file
experiment/runs/adapters/COSE-036/evidence/duman-testi.txt	experiment/runs/adapters/COSE-036/evidence/smoke-test.txt	file
experiment/runs/adapters/COSE-036/evidence/duman-varsayilan-derleme.txt	experiment/runs/adapters/COSE-036/evidence/smoke-default-build.txt	file
experiment/runs/adapters/COSE-036/evidence/vpm-kosu.txt	experiment/runs/adapters/COSE-036/evidence/vpm-run.txt	file
experiment/runs/adapters/JOSE-001/evidence/api-tarama.txt	experiment/runs/adapters/JOSE-001/evidence/api-scan.txt	file
experiment/runs/adapters/JOSE-001/evidence/duman-testi.txt	experiment/runs/adapters/JOSE-001/evidence/smoke-test.txt	file
experiment/runs/adapters/JOSE-001/evidence/vpm-kosu.txt	experiment/runs/adapters/JOSE-001/evidence/vpm-run.txt	file
experiment/runs/adapters/JOSE-002/evidence/api-tarama.txt	experiment/runs/adapters/JOSE-002/evidence/api-scan.txt	file
experiment/runs/adapters/JOSE-002/evidence/duman-testi.txt	experiment/runs/adapters/JOSE-002/evidence/smoke-test.txt	file
experiment/runs/adapters/JOSE-002/evidence/vpm-kosu.txt	experiment/runs/adapters/JOSE-002/evidence/vpm-run.txt	file
experiment/runs/adapters/JOSE-009/evidence/api-tarama.txt	experiment/runs/adapters/JOSE-009/evidence/api-scan.txt	file
experiment/runs/adapters/JOSE-031/evidence/api-tarama.txt	experiment/runs/adapters/JOSE-031/evidence/api-scan.txt	file
experiment/runs/adapters/JOSE-031/evidence/duman-testi.txt	experiment/runs/adapters/JOSE-031/evidence/smoke-test.txt	file
experiment/runs/adapters/JOSE-031/evidence/vpm-kosu.txt	experiment/runs/adapters/JOSE-031/evidence/vpm-run.txt	file
experiment/runs/adapters/JOSE-033/evidence/api-tarama.txt	experiment/runs/adapters/JOSE-033/evidence/api-scan.txt	file
experiment/runs/adapters/JOSE-034/evidence/api-tarama.txt	experiment/runs/adapters/JOSE-034/evidence/api-scan.txt	file
experiment/runs/adapters/JOSE-052/evidence/api-tarama.txt	experiment/runs/adapters/JOSE-052/evidence/api-scan.txt	file
experiment/runs/adapters/JOSE-055/evidence/api-tarama.txt	experiment/runs/adapters/JOSE-055/evidence/api-scan.txt	file
experiment/runs/adapters/JOSE-065/evidence/api-tarama.txt	experiment/runs/adapters/JOSE-065/evidence/api-scan.txt	file
experiment/runs/adapters/JOSE-070/evidence/api-tarama.txt	experiment/runs/adapters/JOSE-070/evidence/api-scan.txt	file
experiment/runs/adapters/JOSE-070/evidence/duman-testi.txt	experiment/runs/adapters/JOSE-070/evidence/smoke-test.txt	file
experiment/runs/adapters/JOSE-070/evidence/vpm-kosu.txt	experiment/runs/adapters/JOSE-070/evidence/vpm-run.txt	file
experiment/runs/adapters/JOSE-071/evidence/api-tarama.txt	experiment/runs/adapters/JOSE-071/evidence/api-scan.txt	file
experiment/runs/adapters/JOSE-071/evidence/duman-testi.txt	experiment/runs/adapters/JOSE-071/evidence/smoke-test.txt	file
experiment/runs/adapters/JOSE-071/evidence/vpm-kosu.txt	experiment/runs/adapters/JOSE-071/evidence/vpm-run.txt	file
experiment/runs/adapters/JOSE-083/evidence/api-tarama.txt	experiment/runs/adapters/JOSE-083/evidence/api-scan.txt	file
experiment/runs/adapters/JOSE-084/evidence/api-tarama.txt	experiment/runs/adapters/JOSE-084/evidence/api-scan.txt	file
experiment/runs/adapters/JOSE-087/evidence/api-tarama.txt	experiment/runs/adapters/JOSE-087/evidence/api-scan.txt	file
experiment/runs/adapters/JOSE-087/evidence/duman-testi.txt	experiment/runs/adapters/JOSE-087/evidence/smoke-test.txt	file
experiment/runs/adapters/JOSE-087/evidence/sentetik_uret.py	experiment/runs/adapters/JOSE-087/evidence/make_synthetic.py	file
experiment/runs/adapters/JOSE-087/evidence/vpm-kosu.txt	experiment/runs/adapters/JOSE-087/evidence/vpm-run.txt	file
experiment/runs/adapters/JOSE-089/evidence/api-tarama.txt	experiment/runs/adapters/JOSE-089/evidence/api-scan.txt	file
experiment/runs/adapters/JOSE-089/evidence/duman-testi.txt	experiment/runs/adapters/JOSE-089/evidence/smoke-test.txt	file
experiment/runs/adapters/JOSE-089/evidence/vpm-kosu.txt	experiment/runs/adapters/JOSE-089/evidence/vpm-run.txt	file
experiment/runs/adapters/JOSE-102/evidence/api-tarama.txt	experiment/runs/adapters/JOSE-102/evidence/api-scan.txt	file
experiment/runs/adapters/JOSE-102/evidence/duman-testi.txt	experiment/runs/adapters/JOSE-102/evidence/smoke-test.txt	file
experiment/runs/adapters/JOSE-102/evidence/vpm-kosu.txt	experiment/runs/adapters/JOSE-102/evidence/vpm-run.txt	file
experiment/runs/adapters/SDJWT-001/evidence/api-tarama.txt	experiment/runs/adapters/SDJWT-001/evidence/api-scan.txt	file
experiment/runs/adapters/SDJWT-002/evidence/api-tarama.txt	experiment/runs/adapters/SDJWT-002/evidence/api-scan.txt	file
experiment/runs/adapters/SDJWT-002/evidence/duman-testi.txt	experiment/runs/adapters/SDJWT-002/evidence/smoke-test.txt	file
experiment/runs/adapters/SDJWT-002/evidence/kaynak-alintilari.txt	experiment/runs/adapters/SDJWT-002/evidence/source-quotes.txt	file
experiment/runs/adapters/SDJWT-002/evidence/vpm-kosu.txt	experiment/runs/adapters/SDJWT-002/evidence/vpm-run.txt	file
experiment/runs/adapters/SDJWT-004/evidence/api-tarama.txt	experiment/runs/adapters/SDJWT-004/evidence/api-scan.txt	file
experiment/runs/adapters/SDJWT-015/evidence/api-tarama.txt	experiment/runs/adapters/SDJWT-015/evidence/api-scan.txt	file
experiment/runs/adapters/SDJWT-018/evidence/api-tarama.txt	experiment/runs/adapters/SDJWT-018/evidence/api-scan.txt	file
experiment/runs/adapters/SDJWT-021/evidence/api-tarama.txt	experiment/runs/adapters/SDJWT-021/evidence/api-scan.txt	file
experiment/runs/adapters/SDJWT-021/evidence/deneme1-verifypresentation.txt	experiment/runs/adapters/SDJWT-021/evidence/attempt1-verifypresentation.txt	file
experiment/runs/adapters/SDJWT-021/evidence/duman-testi.txt	experiment/runs/adapters/SDJWT-021/evidence/smoke-test.txt	file
experiment/runs/adapters/SDJWT-021/evidence/kaynak-alintilari.txt	experiment/runs/adapters/SDJWT-021/evidence/source-quotes.txt	file
experiment/runs/adapters/SDJWT-021/evidence/vpm-kosu.txt	experiment/runs/adapters/SDJWT-021/evidence/vpm-run.txt	file
experiment/runs/adapters/_kt/derle.sh	experiment/runs/adapters/_kt/compile.sh	file
experiment/runs/adapters/_tools/api_tarama.sh	experiment/runs/adapters/_tools/api_scan.sh	file
experiment/runs/adapters/_tools/kos.sh	experiment/runs/adapters/_tools/run.sh	file
experiment/runs/adapters/_tools/kur.sh	experiment/runs/adapters/_tools/build_shared.sh	file
experiment/runs/adapters/_tools/kur_hepsi.sh	experiment/runs/adapters/_tools/build_all.sh	file
experiment/signer/dis-vektorler/	experiment/signer/external-vectors/	folder
experiment/signer/dis-vektorler/00-OZET.json	experiment/signer/external-vectors/00-SUMMARY.json	file
experiment/signer/kayit/	experiment/signer/records/	folder
experiment/signer/kayit/docker_images_once_2026-09-24.txt	experiment/signer/records/docker_images_before_2026-09-24.txt	file
experiment/signer/kayit/docker_images_once_2026-09-26.txt	experiment/signer/records/docker_images_before_2026-09-26.txt	file
experiment/signer/kayit/docker_images_sonra_2026-09-24.txt	experiment/signer/records/docker_images_after_2026-09-24.txt	file
experiment/signer/kayit/docker_images_sonra_2026-09-26.txt	experiment/signer/records/docker_images_after_2026-09-26.txt	file
experiment/signer/kayit/docker_ps_once_2026-09-24.txt	experiment/signer/records/docker_ps_before_2026-09-24.txt	file
experiment/signer/servis/	experiment/signer/service/	folder
experiment/signer/servis/ornekler/	experiment/signer/service/examples/	folder
experiment/signer/servis/ornekler/istek_ML-DSA-65-ES256.json	experiment/signer/service/examples/request_ML-DSA-65-ES256.json	file
experiment/signer/servis/ornekler/istek_ML-DSA-65.json	experiment/signer/service/examples/request_ML-DSA-65.json	file
experiment/signer/servis/ornekler/istemci.py	experiment/signer/service/examples/client.py	file
experiment/signer/sonuclar/	experiment/signer/results/	folder
experiment/signer/sonuclar/t01_dis_vektorler.json	experiment/signer/results/t01_external_vectors.json	file
experiment/signer/sonuclar/t01_dis_vektorler.txt	experiment/signer/results/t01_external_vectors.txt	file
experiment/signer/sonuclar/t02_openssl_capraz.json	experiment/signer/results/t02_openssl_cross.json	file
experiment/signer/sonuclar/t02_openssl_capraz.txt	experiment/signer/results/t02_openssl_cross.txt	file
experiment/signer/sonuclar/t03_negatif.json	experiment/signer/results/t03_negative.json	file
experiment/signer/sonuclar/t03_negatif.txt	experiment/signer/results/t03_negative.txt	file
experiment/signer/sonuclar/t04_boyutlar.json	experiment/signer/results/t04_sizes.json	file
experiment/signer/sonuclar/t04_boyutlar.txt	experiment/signer/results/t04_sizes.txt	file
experiment/signer/sonuclar/t04_jws_boyutlari.csv	experiment/signer/results/t04_jws_sizes.csv	file
experiment/signer/sonuclar/t04_p4_karsilastirma.csv	experiment/signer/results/t04_p4_comparison.csv	file
experiment/signer/sonuclar/t05_servis.json	experiment/signer/results/t05_service.json	file
experiment/signer/sonuclar/t05_servis.txt	experiment/signer/results/t05_service.txt	file
experiment/signer/sonuclar/t05b_servis_entegrasyon.txt	experiment/signer/results/t05b_service_integration.txt	file
experiment/signer/testler/	experiment/signer/tests/	folder
experiment/signer/testler/dis_vektorler.py	experiment/signer/tests/external_vectors.py	file
experiment/signer/testler/t01_dis_vektorler.py	experiment/signer/tests/t01_external_vectors.py	file
experiment/signer/testler/t02_openssl_capraz.py	experiment/signer/tests/t02_openssl_cross.py	file
experiment/signer/testler/t03_negatif.py	experiment/signer/tests/t03_negative.py	file
experiment/signer/testler/t04_boyutlar.py	experiment/signer/tests/t04_sizes.py	file
experiment/signer/testler/t05_servis.py	experiment/signer/tests/t05_service.py	file
experiment/signer/testler/tumunu_calistir.sh	experiment/signer/tests/run_all.sh	file
experiment/statistics/betikler/	experiment/statistics/scripts/	folder
experiment/statistics/kayit/	experiment/statistics/records/	folder
experiment/statistics/kayit/docker_images_baslangic.txt	experiment/statistics/records/docker_images_start.txt	file
experiment/statistics/kayit/docker_images_once.txt	experiment/statistics/records/docker_images_before.txt	file
experiment/statistics/kayit/docker_images_sonra.txt	experiment/statistics/records/docker_images_after.txt	file
experiment/statistics/kayit/docker_ps_baslangic.txt	experiment/statistics/records/docker_ps_start.txt	file
experiment/statistics/kayit/imaj_kimligi.txt	experiment/statistics/records/image_id.txt	file
experiment/statistics/kayit/insa.log	experiment/statistics/records/build.log	file
experiment/statistics/kayit/surum.json	experiment/statistics/records/versions.json	file
experiment/statistics/kaynak/	experiment/statistics/sources/	folder
experiment/statistics/sentetik-testler/	experiment/statistics/synthetic-tests/	folder
experiment/statistics/sentetik-testler/calistir.py	experiment/statistics/synthetic-tests/run_tests.py	file
experiment/statistics/sentetik-testler/ornek_veri_uret.py	experiment/statistics/synthetic-tests/make_sample_data.py	file
experiment/statistics/sentetik-testler/veri/	experiment/statistics/synthetic-tests/data/	folder
experiment/statistics/sentetik-testler/veri/ornek_n31_sentetik.json	experiment/statistics/synthetic-tests/data/sample_n31_synthetic.json	file
experiment/statistics/sentetik-testler/veri/ornek_n31_sentetik_hedefler.csv	experiment/statistics/synthetic-tests/data/sample_n31_synthetic_targets.csv	file
experiment/statistics/sentetik-testler/veri/ornek_n31_sentetik_vakalar.csv	experiment/statistics/synthetic-tests/data/sample_n31_synthetic_cases.csv	file
experiment/statistics/sentetik-testler/veri/yayimlanmis_ornekler.json	experiment/statistics/synthetic-tests/data/published_examples.json	file
experiment/statistics/sonuclar/	experiment/statistics/results/	folder
experiment/statistics/sonuclar/ornek_analiz1/	experiment/statistics/results/sample_analysis1/	folder
experiment/statistics/sonuclar/ornek_analiz2/	experiment/statistics/results/sample_analysis2/	folder
experiment/statistics/sonuclar/ornek_analiz_csv/	experiment/statistics/results/sample_analysis_csv/	folder
experiment/statistics/sonuclar/ornek_analiz_sha256.txt	experiment/statistics/results/sample_analysis_sha256.txt	file
experiment/statistics/sonuclar/ornek_girdi/	experiment/statistics/results/sample_input/	folder
experiment/statistics/sonuclar/ornek_girdi/ornek_n31_sentetik.json	experiment/statistics/results/sample_input/sample_n31_synthetic.json	file
experiment/statistics/sonuclar/ornek_girdi/ornek_n31_sentetik_hedefler.csv	experiment/statistics/results/sample_input/sample_n31_synthetic_targets.csv	file
experiment/statistics/sonuclar/ornek_girdi/ornek_n31_sentetik_vakalar.csv	experiment/statistics/results/sample_input/sample_n31_synthetic_cases.csv	file
experiment/statistics/sonuclar/test1/calistirma_kaydi.json	experiment/statistics/results/test1/run_record.json	file
experiment/statistics/sonuclar/test1/konsol.log	experiment/statistics/results/test1/console.log	file
experiment/statistics/sonuclar/test1/test_ozeti.json	experiment/statistics/results/test1/test_summary.json	file
experiment/statistics/sonuclar/test2/calistirma_kaydi.json	experiment/statistics/results/test2/run_record.json	file
experiment/statistics/sonuclar/test2/konsol.log	experiment/statistics/results/test2/console.log	file
experiment/statistics/sonuclar/test2/test_ozeti.json	experiment/statistics/results/test2/test_summary.json	file
experiment/statistics/tumunu_calistir.sh	experiment/statistics/run_all.sh	file
experiment/vector-generator/BATARYA-ESLEME.md	experiment/vector-generator/BATTERY-MAPPING.md	file
experiment/vector-generator/anahtarlar/	experiment/vector-generator/keys/	folder
experiment/vector-generator/sonuclar/	experiment/vector-generator/results/	folder
experiment/vector-generator/sonuclar/BATARYA-ESLEME_v1.2.md	experiment/vector-generator/results/BATTERY-MAPPING_v1.2.md	file
experiment/vector-generator/sonuclar/t10_oz_dogrulama.json	experiment/vector-generator/results/t10_self_verification.json	file
experiment/vector-generator/sonuclar/t10_oz_dogrulama.txt	experiment/vector-generator/results/t10_self_verification.txt	file
experiment/vector-generator/sonuclar/t10_oz_dogrulama_v1.1.json	experiment/vector-generator/results/t10_self_verification_v1.1.json	file
experiment/vector-generator/sonuclar/t10_oz_dogrulama_v1.1.txt	experiment/vector-generator/results/t10_self_verification_v1.1.txt	file
experiment/vector-generator/sonuclar/t10_oz_dogrulama_v1.2.json	experiment/vector-generator/results/t10_self_verification_v1.2.json	file
experiment/vector-generator/sonuclar/t10_oz_dogrulama_v1.2.txt	experiment/vector-generator/results/t10_self_verification_v1.2.txt	file
experiment/vector-generator/sonuclar/t10_oz_dogrulama_v1.3.json	experiment/vector-generator/results/t10_self_verification_v1.3.json	file
experiment/vector-generator/sonuclar/t10_oz_dogrulama_v1.3.txt	experiment/vector-generator/results/t10_self_verification_v1.3.txt	file
experiment/vector-generator/sonuclar/t11_esleme_denetim.txt	experiment/vector-generator/results/t11_mapping_audit.txt	file
experiment/vector-generator/sonuclar/t11_esleme_denetim_v1.3.txt	experiment/vector-generator/results/t11_mapping_audit_v1.3.txt	file
experiment/vector-generator/sonuclar/v1.1_boyutlar.csv	experiment/vector-generator/results/v1.1_sizes.csv	file
experiment/vector-generator/sonuclar/v1.1_dpop_boyutlari.csv	experiment/vector-generator/results/v1.1_dpop_sizes.csv	file
experiment/vector-generator/sonuclar/v1.1_dpop_boyutlari.json	experiment/vector-generator/results/v1.1_dpop_sizes.json	file
experiment/vector-generator/sonuclar/v1.2_boyutlar.csv	experiment/vector-generator/results/v1.2_sizes.csv	file
experiment/vector-generator/sonuclar/v1.3_boyutlar.csv	experiment/vector-generator/results/v1.3_sizes.csv	file
experiment/vector-generator/sonuclar/v1_boyutlar.csv	experiment/vector-generator/results/v1_sizes.csv	file
experiment/vector-generator/testler/	experiment/vector-generator/tests/	folder
experiment/vector-generator/testler/t10_oz_dogrulama.py	experiment/vector-generator/tests/t10_self_verification.py	file
experiment/vector-generator/testler/t11_esleme_denetim.py	experiment/vector-generator/tests/t11_mapping_audit.py	file
experiment/vector-generator/uretec/	experiment/vector-generator/generator/	folder
experiment/vector-generator/vektorler/	experiment/vector-generator/vectors/	folder
tools/regression-tests/calistir.sh	tools/regression-tests/run.sh	file
tools/regression-tests/sonuc/	tools/regression-tests/results/	folder
tools/regression-tests/sonuc/calistir_log.txt	tools/regression-tests/results/run_log.txt	file
tools/regression-tests/sonuc/p1_ozet.txt	tools/regression-tests/results/p1_summary.txt	file
