kosu	mutasyon	kat_spec_6	temel	motor	asp_sabitler	tamarin_bayraklari	tamarin_lemma	beklenen
MUT06.K2b-03.asp	MUT06	V_REQUIRE -> V_ENFORCE_IF_PRESENT	K2b-03	asp	kat_mod(saldiri). kat_sema(catalyst). kat_vb(enforce_if_present). kat_pqev(valid). kat_leafb(yok). kat_goruldu_hibrit(0). kat_tl_sinifi(cl). kat_birlikte_klasik(0). kat_now(100). kat_qday(0). kat_tau(10).	-	-	SALDIRI
MUT06.K2b-03.tam	MUT06	V_REQUIRE -> V_ENFORCE_IF_PRESENT	K2b-03	tamarin	-	CRQC,V_ENFORCE_IF_PRESENT	cert_authentic	falsified
MUT07.K2b-06.asp	MUT07	composite dogrulamasinda PQ bilesen denetimini sil	K2b-06	asp	kat_mod(saldiri). kat_sema(composite). kat_vb(ignore). kat_pqev(valid). kat_leafb(yok). kat_goruldu_hibrit(0). kat_tl_sinifi(cl). kat_birlikte_klasik(0). kat_now(100). kat_qday(0). kat_tau(10). kat_mutasyon(comp_pq_denetimi_yok).	-	-	SALDIRI
MUT07.K2b-06.tam	MUT07	composite dogrulamasinda PQ bilesen denetimini sil	K2b-06	tamarin	-	CRQC,COMPOSITE,MUT_COMP_NO_PQ	cert_authentic	falsified
MUT07.K2a-16.asp	MUT07	composite dogrulamasinda PQ bilesen denetimini sil	K2a-16	asp	kat_mod(karar). kat_sema(composite). kat_vb(require). kat_pqev(invalid). kat_leafb(yok). kat_goruldu_hibrit(0). kat_tl_sinifi(cl). kat_birlikte_klasik(0). kat_now(100). kat_qday(0). kat_tau(10). kat_mutasyon(comp_pq_denetimi_yok).	-	-	accept
MUT08.K2c-revoked.req.asp	MUT08	P2de bagli sertifika durum denetimini sil	K2c-revoked	asp	kat_mod(karar). kat_sema(related). kat_vb(require). kat_pqev(valid). kat_leafb(revoked). kat_goruldu_hibrit(0). kat_tl_sinifi(cl). kat_birlikte_klasik(0). kat_now(100). kat_qday(0). kat_tau(10). kat_mutasyon(bagli_durum_denetimi_yok).	-	-	accept_classical
MUT08.K2c-expired.req.asp	MUT08	P2de bagli sertifika durum denetimini sil	K2c-expired	asp	kat_mod(karar). kat_sema(related). kat_vb(require). kat_pqev(valid). kat_leafb(expired). kat_goruldu_hibrit(0). kat_tl_sinifi(cl). kat_birlikte_klasik(0). kat_now(100). kat_qday(0). kat_tau(10). kat_mutasyon(bagli_durum_denetimi_yok).	-	-	accept_classical
MUT08.K2c-unknown.req.asp	MUT08	P2de bagli sertifika durum denetimini sil	K2c-unknown	asp	kat_mod(karar). kat_sema(related). kat_vb(require). kat_pqev(valid). kat_leafb(unknown). kat_goruldu_hibrit(0). kat_tl_sinifi(cl). kat_birlikte_klasik(0). kat_now(100). kat_qday(0). kat_tau(10). kat_mutasyon(bagli_durum_denetimi_yok).	-	-	accept_classical
MUT08.K2c-absent.req.asp	MUT08	P2de bagli sertifika durum denetimini sil	K2c-absent	asp	kat_mod(karar). kat_sema(related). kat_vb(require). kat_pqev(valid). kat_leafb(absent). kat_goruldu_hibrit(0). kat_tl_sinifi(cl). kat_birlikte_klasik(0). kat_now(100). kat_qday(0). kat_tau(10). kat_mutasyon(bagli_durum_denetimi_yok).	-	-	accept_classical
MUT08.K2c-valid.req.asp	MUT08	P2de bagli sertifika durum denetimini sil	K2c-valid	asp	kat_mod(karar). kat_sema(related). kat_vb(require). kat_pqev(valid). kat_leafb(valid). kat_goruldu_hibrit(0). kat_tl_sinifi(cl). kat_birlikte_klasik(0). kat_now(100). kat_qday(0). kat_tau(10). kat_mutasyon(bagli_durum_denetimi_yok).	-	-	accept_classical
MUT09.K2d-04.asp	MUT09	hybrid_seen durumunu yok say	K2d-04	asp	kat_mod(karar). kat_sema(catalyst). kat_vb(continuity). kat_pqev(absent). kat_leafb(yok). kat_goruldu_hibrit(1). kat_tl_sinifi(cl). kat_birlikte_klasik(0). kat_now(100). kat_qday(0). kat_tau(10). kat_mutasyon(sureklilik_durumu_yok_sayilir).	-	-	accept_classical
